nombre,direccion,ciudad,precio,dormitorios,baños,metros,precio_m2
Arriendo Departamento 3 Dorm.2b Condominio Chinchorro Norte,"Condominio Chinchorro Norte 1, Arica, Arica Y Parinacota",arica,500000,3,2,53,9434
Moderno Y Nuevo Depto En Novo Azapa!,"MANUEL CASTILLO IBACETA, 1 - 300, Arica, Arica Y Parinacota",arica,560000,1,1,35,16000
Tu Hogar Costero De Ensueño En Arica,"AMADOR NEGHME, 1 - 300, Arica, Arica Y Parinacota",arica,600000,3,1,61,9836
Arriendo La Lisera,"Punta Del Este 658, Arica, Arica, Arica Y Parinacota",arica,1150000,2,2,61,18852
Arriendo Empart V,"Robinson Rojas 3459, Arica, Arica, Arica Y Parinacota",arica,570000,3,2,78,7308
Lindo Departamento En Las Palmas,"Arica, Arica Y Parinacota",arica,550000,3,2,70,7857
En Condominio San Marcos Departamento En Arriendo,"Arica, Arica Y Parinacota",arica,510000,3,1,60,8500
Arriendo Mini Depto Arica Entrada De Azapa,"Llareta, 40 A, Arica, Arica Y Parinacota",arica,350000,1,1,35,10000
Exclusivo Departamento Frente Al Mar,"Avenida Comandante San Martín, 320, Arica, Arica Y Parinacota",arica,1300000,3,1,100,13000
Comodo Departamento Recien Pintado,"Pasaje Caritaya, 195, Arica, Arica Y Parinacota",arica,570000,3,2,60,9500
Condominio San Marcos Zona Norte,"Ramón Carnicer Oriente, 3246, Arica, Arica Y Parinacota",arica,650000,3,2,60,10833
Departamento Condominio Panorama,"Coihueco, 550, Arica, Arica Y Parinacota",arica,450000,3,2,65,6923
Arriendo Terrazas De Marsella Arica,"Marsella , 555, Arica, Arica Y Parinacota",arica,535000,3,1,75,7133
Depto 21 Con Oscar Belmar Piso 3,"Luis Valente Rossi , 2274, Arica, Arica Y Parinacota",arica,380000,2,1,65,5846
Condominio Novo Azapa,"CONDOMINIO NOVO AZAPA, Arica, Arica Y Parinacota",arica,620000,2,2,59,10508
Lindo Departamemto Amoblado (95638),"Avenida Manuel Castillo Ibaceta 1 - 300, Arica, Arica Y Parinacota",arica,600000,2,1,56,10714
Departamento En Arriendo Disponible (96529),"Caracas 1 - 300, Arica, Arica Y Parinacota",arica,650000,3,2,76,8553
Arriendo Departamento 2d/2b/est Condominio Bosques De Azapa,"Guillermo Sánchez 660, Arica, Arica, Arica Y Parinacota",arica,560000,2,2,64,8750
Agradable Departamento En Condominio Terrazas De Marsella,"Arica, Arica Y Parinacota",arica,600000,3,1,61,9836
Excelente Departamento En Condominio Vista 21,"Arica, Arica Y Parinacota",arica,700000,3,2,82,8537
En Bosque Azapa Lindo Departamento En Arriendo,"Arica, Arica Y Parinacota",arica,790000,3,2,98,8061
Maravilloso Departamento En Vista Pacífico,"Arica, Arica Y Parinacota",arica,1200000,3,3,120,10000
Arriendo Departamento En Novo Azapa,"Arica, Arica Y Parinacota",arica,450000,2,1,50,9000
Departamento En Arriendo De 3 Dorm. En Arica,"Ginebra Con Mentón, Arica, Arica Y Parinacota",arica,420000,3,1,49,8571
Depto Neo Azapa - Gc Incluidos - Disponible Julio,"Av. Manuel Castillo Ibaceta, Arica, Arica, Arica Y Parinacota",arica,500000,1,1,40,12500
Bello Departamento Sector Residencial,"Colombia 436, 1001121 Arica, Arica Y Parinacota, Chile, Arica, Arica Y Parinacota",arica,780000,3,2,105,7429
Minidepartamento Primer Piso,"Caleta Coloso  808, Arica, Arica Y Parinacota",arica,240000,1,1,40,6000
Arriendo Departamento Primer Piso,"Av. Santiago Arata 4083, Arica, Arica Y Parinacota, Chile, Arica, Arica Y Parinacota",arica,450000,3,1,60,7500
Departamento Central,"Guatemala, Arica, Arica, Arica Y Parinacota",arica,430000,2,1,70,6143
Vista Al Mar !! Gastos Comunes Incluidos !! 3 D 2 B Est  Bod,"Eleuterio Ramirez 1559, Iquique, Centro De Iquique, Iquique, Tarapacá",iquique,700000,3,2,90,7778
Eleuterio Ramirez- Gastos Comunes Incluidos  3d 2b  1 Est 1b,"Eleuterio Ramirez 1559, Iquique, Centro De Iquique, Iquique, Tarapacá",iquique,700000,3,2,90,7778
Departamento Full Amoblado Con Vista Al Mar -oceánica- P16,"Edificio Oceanica, Cerro Dragón, Iquique, Tarapacá",iquique,790000,2,2,57,13860
Edificio Costanera Huayquique I  / Av. Cinco,"Av. Cinco 4300, Iquique, Huayquique, Iquique, Tarapacá",iquique,640000,1,1,45,14222
Edificio Vistamar / Av.reinamar,"Av. Reinamar 2613, Iquique, Cerro Dragón, Iquique, Tarapacá",iquique,750000,3,2,73,10274
Edificio Vista Azul / Aníbal Pinto,"Aníbal Pinto 1303, Iquique, Centro De Iquique, Iquique, Tarapacá",iquique,800000,2,2,70,11429
Condominio Carrara,"Av. Arturo Prat Chacón 3783, Iquique, Huayquique, Iquique, Tarapacá",iquique,1400000,5,3,160,8750
Departamento Amoblado Edificio Campanario Iii Iquique,"Playa Brava 2929, Iquique, Playa Brava, Iquique, Tarapacá",iquique,1050000,4,3,113,9292
Edificio Nostro Mare / Condominio Puesta Del Sol,"Cinco Sur 4272, Iquique, Cerro Dragón, Iquique, Tarapacá",iquique,750000,2,2,70,10714
Edificio Life / Obispo Labbe,"Obispo Labbé, Iquique, Centro De Iquique, Iquique, Tarapacá",iquique,800000,2,2,56,14286
Edificio Reina Ana / Av. Salvador Allende,"Av. Salvador Allende Gossens 450, Iquique, Hospital Regional, Iquique, Tarapacá",iquique,650000,3,2,78,8333
Arriendo Departamento Amoblado 3 Habitaciones En Iquique,"Av. 4 Sur 2400 - 2700, Iquique, Cerro Dragón, Iquique, Tarapacá",iquique,850000,3,2,84,10119
"Arriendo Dpto. 1 Dormitorio, Brisas Del Sur 2, Iquique","Av. Proyectada 2620, Iquique, Huayquique, Iquique, Tarapacá",iquique,600000,1,1,48,12500
Condominio La Tirana / Av. Cinco,"Avenida Cinco, Huayquique, Iquique, Tarapacá",iquique,970000,3,2,120,8083
"Arriendo Dpto. Amoblado Sector Sur, Ed. Torres De Huayquique","Av. La Tirana 5445, Iquique, Bajo Molle, Iquique, Tarapacá",iquique,900000,3,2,100,9000
Edificio Portal Los Héroes / Emilio Recabarren,"Av. Luis Emilio Recabarren 2799, Iquique, Gómez Carreño, Iquique, Tarapacá",iquique,800000,3,2,85,9412
"Departamento En Arriendo De 2 Dorm Edificio Velamar ,iquique","MANUEL JESUS SILVA CON AV PLAYA BRAVA ALTURA DON TORO, Playa Brava, Iquique, Tarapacá",iquique,770000,2,2,60,12833
Departamento En Arriendo De 3 Dorm. En Iquique,"AV BILBAO ENTRE COLEGIO HISPANO BRITANICO Y LIDER SUR, Iquique, Tarapacá",iquique,800000,3,2,88,9091
Arriendo Departamento Amoblado 3 Dormitorios Iquique,"Av. Arturo Prat Chacón 1670, Iquique, Chile, Cavancha, Iquique, Tarapacá",iquique,900000,3,2,115,7826
Departamento En Arriendo Iquique,"Avenida Dos Oriente 4833, Iquique, Chile, Iquique, Tarapacá",iquique,600000,2,1,65,9231
Unico Nuevo  1d1b Bodega Estacionamiento  Santiago Polanco 2,"Avenida Santiago Polanco 2075, Iquique, Chile, Playa Brava, Iquique, Tarapacá",iquique,550000,1,1,32,17188
Arriendo Departamento En Iquique 2 Dormitorios + 1 Pieza Peq,"Condominio Horizonte - Avenida 4 Sur, 2640, Departamento 1604, Iquique, Chile, Cerro Dragón, Iquique, Tarapacá",iquique,560000,3,1,50,11200
Departamento En Arriendo De 3 Dorm. En Iquique,"Arturo Prat Chacon 215, Centro De Iquique, Iquique, Tarapacá",iquique,1150000,3,2,110,10455
Arriendo Departamento En Iquique 2 Dormitorios,"Los Algarrobos, 4320, Cerro Dragón, Iquique, Tarapacá",iquique,480000,2,1,50,9600
Arriendo Cómodo Departamento En Iquique 3 Dormitorios,"Avenida Salvador Allende Gossens, 2290, Gómez Carreño, Iquique, Tarapacá",iquique,650000,3,2,70,9286
Arriendo Departamento Edificio Paradise,"Avenida Santiago Polanco, 2075, Playa Brava, Iquique, Tarapacá",iquique,1100000,2,2,70,15714
Arriendo Hermoso Departamento En Edificio Urbano,"Arturo Fernández, 2062, Cavancha, Iquique, Tarapacá",iquique,550000,1,1,48,11458
Departamento En Arriendo De 3 Dorm. En Iquique,"Condominio Brisas Del Sur 1, Cerro Dragón, Iquique, Tarapacá",iquique,750000,3,2,75,10000
Mirador Playa Brava Arriendo Departamento,"Manuel Plaza, 2989, Playa Brava, Iquique, Tarapacá",iquique,1100000,2,2,70,15714
"Departamento En Arriendo En El Condominio La Tirana, Iquique","Calle Cinco 4300, Huayquique, Iquique, Tarapacá",iquique,550000,3,2,75,7333
Hermoso Departamento 1d/1b/est En Arriendo (101294),"Avenida Proyectada 1 - 300, Huayquique, Iquique, Tarapacá",iquique,670000,1,1,40,16750
Duplex Amoblado En Arriendo 2d/2b/est  (102165),"Avenida Héroes De La Concepción 1 - 300, Iquique, Tarapacá",iquique,1250000,2,2,116,10776
Hermoso Departamento Amoblado 40m2 (100663),"Dieciocho De Septiembre 1 - 300, Cavancha, Iquique, Tarapacá",iquique,650000,1,1,40,16250
Se Arrienda Departamento Costanera Huayquique (101331),"Avenida Cinco 1 - 300, Huayquique, Iquique, Tarapacá",iquique,620000,1,1,60,10333
Departamento En Arriendo 50m2 2d/1b/est (101319),"Sotomayor 1 - 300, Centro De Iquique, Iquique, Tarapacá",iquique,590000,2,2,65,9077
Arriendo Barrio Parque  (79320),"Barrio Parque, Playa Brava. - Avenida Arturo Prat Chacón, Iquique, Chile, Playa Brava, Iquique, Tarapacá",iquique,1800000,3,3,180,10000
Departamento Céntrico 35m2 1d/1b  (103543),"Avenida Santiago Polanco 1 - 300, Cerro Dragón, Iquique, Tarapacá",iquique,600000,1,1,35,17143
Arriendo Edificio Nautilus $1.100.000 (82259),"Capitán Roberto Pérez 1 - 300, Cavancha, Iquique, Tarapacá",iquique,1100000,3,2,100,11000
"Se Arrienda Departamento  Amoblado, Edificio Costa Cavancha","Capitán Roberto Pérez 600 - 900, Iquique, Cavancha, Iquique, Tarapacá",iquique,1400000,2,2,100,14000
Se Arrienda Departamento Amoblado Cercano A Playa Cavancha.,"Arturo Fernández 1800 - 2100, Iquique, Cavancha, Iquique, Tarapacá",iquique,580000,1,1,45,12889
"Se Arrienda Amplio Departamento, En Edificio Costa Cavancha","Capitán Roberto Pérez 600 - 900, Iquique, Cavancha, Iquique, Tarapacá",iquique,1360000,3,3,145,9379
"Se Arrienda Depto Amoblado Vista Al Mar, Altos De Huayquique","Av. La Tirana 4800 - 5100, Iquique, Huayquique, Iquique, Tarapacá",iquique,980000,2,2,75,13067
Se Arrienda Hermoso Y Amplio Departamento Amoblado,"SE ARRIENDA HERMOSO Y AMPLIO DEPARTAMENTO AMOBLADO, Hospital Regional, Iquique, Tarapacá",iquique,830000,3,2,90,9222
Arriendo Con Opción De Compra Iquique 3d2b,"Avenida Cinco, Huayquique, Iquique, Tarapacá",iquique,750000,3,2,82,9146
Departamento En Arriendo De 3 Dorm. En Iquique,"Cond. Jardines De Huayquique, Huayquique, Iquique, Tarapacá",iquique,1200000,3,2,124,9677
Amplio Y Remodelado Departamento,"Gómez Carreño, Iquique, Tarapacá",iquique,500000,2,1,70,7143
Departamento En Arriendo De 1 Dorm. En Iquique,"Edif. Life, Centro De Iquique, Iquique, Tarapacá",iquique,590000,1,1,35,16857
"Arriendo 3 D Y 2 B Iquique. Sin Aval, Sin Ipc. Un Año.","Av. Cinco 4341, Huayquique, Iquique, Tarapacá",iquique,750000,3,2,89,8427
Departamento En Arriendo En Iquique,"Edificio Plaza Campanario 1, Playa Brava, Iquique, Tarapacá",iquique,1000000,1,1,60,16667
Se Arrienda Depto En Edif. Vigias Del Mar.,"Avenida Dos Oriente 4833, Iquique, Iquique, Tarapacá",iquique,550000,3,2,75,7333
Departamento En Arriendo De 3 Dorm. En Iquique,"Edificio Terranova, Huayquique, Iquique, Tarapacá",iquique,900000,3,2,90,10000
Departamento En Arriendo De 4 Dorm. En Iquique,"Edificio Agua Marina II, Playa Brava, Iquique, Tarapacá",iquique,1000000,4,3,120,8333
Departamento En Arriendo De 3 Dorm. En Iquique,"Edificio Ámsterdam, Gómez Carreño, Iquique, Tarapacá",iquique,1700000,3,3,128,13281
"Se Arrienda Departamento (nuevo) Edificio Paradise, 2d,2b,1e","Avenida Santiago Polanco  2075, Playa Brava, Iquique, Tarapacá",iquique,800000,2,2,54,14815
Av. Arturo Prat #4346 - Costanera Huayquique Depto 603,"Av. Arturo Prat Chacón 4345, Iquique, Huayquique, Iquique, Tarapacá",iquique,750000,2,2,78,9615
"Dpto En Arriendo, Brisas Del Sur 1, 2d, 2b, 1bod, 1est.","Av. 4 Sur 2621, Cerro Dragón, Iquique, Tarapacá",iquique,620000,2,2,76,8158
Ramirez  #1429 - Edificio Neo - Depto 1801,"Eleuterio Ramirez 1429, Iquique, Centro De Iquique, Iquique, Tarapacá",iquique,650000,3,2,78,8333
Departamento Amoblado En Arriendo  Edificio Travesía,"Av. Arturo Prat Chacón 430, Iquique, Centro De Iquique, Iquique, Tarapacá",iquique,1300000,3,3,140,9286
3d 2b Ed. Panorama Playa Cavancha Insuperable Vista Al Mar,"Av. Arturo Prat Chacón, Iquique, Playa Brava, Iquique, Tarapacá",iquique,950000,3,3,126,7540
Departamento En Arriendo De 1 Dorm. En Iquique,"Edificio Lynch, Centro De Iquique, Iquique, Tarapacá",iquique,500000,1,1,40,12500
Departamento En Arriendo De 3 Dorm. En Iquique,"Edificio Barrio Parque, Playa Brava, Iquique, Tarapacá",iquique,2000000,3,3,175,11429
Departamento En Arriendo De 3 Dorm. En Iquique,"Edificio PuntCavancha Torre Norte, Cavancha, Iquique, Tarapacá",iquique,1820000,3,2,95,19158
Orella #2095 - Depto 504,"Orella 2095, Iquique, Hospital Regional, Iquique, Tarapacá",iquique,500000,2,1,52,9615
Departamento En Arriendo De 1 Dorm. En Iquique,"Edificio Life, Centro De Iquique, Iquique, Tarapacá",iquique,530000,1,1,34,15588
Se Arrienda Amplio Departamento Edificio Punta Cavancha,"Iquique, Cavancha, Tarapacá",iquique,1350000,4,4,180,7500
Departamento En Arriendo De 3 Dorm. En Iquique,"Cond. Mar Egeo - Edificio Delos, Cavancha, Iquique, Tarapacá",iquique,1100000,3,2,90,12222
Departamento En Arriendo De 3 Dorm. En Iquique,"Edificio Amsterdam, Gómez Carreño, Iquique, Tarapacá",iquique,1600000,3,3,90,17778
Departamento En Arriendo De 1 Dorm. En Iquique Año Corrido,"Luis Uribe 100, Centro De Iquique, Iquique, Tarapacá",iquique,480000,1,1,50,9600
Departamento En Arriendo En Iquique,"Edif. Matiz Cavancha, Cavancha, Iquique, Tarapacá",iquique,850000,3,2,70,12143
Departamento En Arriendo De 1 Dorm. En Iquique,"Edificio Life, Iquique, Tarapacá",iquique,540000,1,1,33,16364
Espectacular Vista Primera Línea Amoblado,"Edificio Arrecife SN, Cavancha, Iquique, Tarapacá",iquique,1400000,3,3,120,11667
Amplio Departamento/ Edif Terranova / Sector Sur,"Huayquique, Iquique, Tarapacá",iquique,700000,2,2,75,9333
Playa Brava Depto 3 Dormitorios,"Manuel Plaza 2995, Playa Brava, Iquique, Tarapacá",iquique,800000,3,2,98,8163
Arriendo Excelente Depto.  Edificio Torres De Huayquique,"Av. La Tirana, Iquique, Cerro Dragón, Iquique, Tarapacá",iquique,750000,3,2,90,8333
"Arriendo Departamento Amoblado, Año Corrido, Cond T. Haenke","Avenida Tadeo Haenke  2221, Playa Brava, Iquique, Tarapacá",iquique,780000,3,2,70,11143
Departamento En Arriendo En Iquique,"Edificio Playa Huantajaya, Huayquique, Iquique, Tarapacá",iquique,550000,1,1,43,12791
Se Arrienda Depto Nuevo - 1 D En Edificio Life,"Obispo Labbé 930, Iquique, Centro De Iquique, Iquique, Tarapacá",iquique,530000,1,1,37,14324
Departamento En Arriendo De 3 Dorm. En Iquique,"Cond.Carrara Torre A, Huayquique, Iquique, Tarapacá",iquique,1100000,3,3,105,10476
Arriendo Departamento Amoblado  Ed. Velamar,"Manuel Jesús Silva 2250, Iquique, Playa Brava, Iquique, Tarapacá",iquique,580000,1,1,48,12083
1 Dormitorio Amoblado Sector Playa Brava,"Pasaje Zapallar 2957, Playa Brava, Iquique, Tarapacá",iquique,530000,1,1,40,13250
Se Arrienda Departamento En Edificio Horizonte,"Av. 4 Sur 2640, Iquique, Cerro Dragón, Iquique, Tarapacá",iquique,450000,3,1,66,6818
Vista Al Mar 2 Habitaciones Central,"Anibal Pinto 1303, Centro De Iquique, Iquique, Tarapacá",iquique,730000,2,2,60,12167
Arriendo Depto Amoblado 3d - Edificio Diego Portales,"Av. Diego Portales 2040, Gómez Carreño, Iquique, Tarapacá",iquique,700000,3,2,70,10000
"Departamento Paradise Amoblado, Estilo Mariposa Iquique.","Av. Santiago Polanco 1800 - 2100, Iquique, Playa Brava, Iquique, Tarapacá",iquique,1100000,2,2,60,18333
Se Arrienda Depto En Edif. Costa Azul.,"Arturo Fernández 2098, Iquique, Cavancha, Iquique, Tarapacá",iquique,450000,1,1,47,9574
"Arriendo Dpto 1 Dormitorio, Centro De Iquique $ 425.000","Sotomayor, Iquique, Hospital Regional, Iquique, Tarapacá",iquique,425000,1,1,34,12500
Se Arrienda Depto En Edif. Cavancha Club.,"Juan Martínez, Iquique, Centro De Iquique, Iquique, Tarapacá",iquique,470000,1,1,47,10000
1 Dormitorio Brisas Del Sur,"Brisas Del Sur 2 SN, Cerro Dragón, Iquique, Tarapacá",iquique,570000,1,1,45,12667
Arrienda$425.000 Depto 2dormitorios No Incluye Gasto Común,"Av. Francisco Bilbao 3900 - 4200, Iquique, Iquique, Tarapacá",iquique,425000,2,2,55,7727
Arriendo Departamento Amoblado Con Increíble Vista En Sector,"Pje. Cam. A La Playa 1800 - 2100, Iquique, Huayquique, Iquique, Tarapacá",iquique,850000,2,2,95,8947
Condominio Portal Del Pacífico,"Av. Ramon Perez Opazo, Iquique, Cerro Dragón, Iquique, Tarapacá",iquique,1300000,4,4,120,10833
Arriendo Cómodo Departamento En Edificio Diego Portales,"Av. Diego Portales 1800 - 2100, Iquique, Gómez Carreño, Iquique, Tarapacá",iquique,560000,3,2,75,7467
Se Arrienda Depto En Cond. Altos De Huayquique.,"Av. La Tirana 4865, Iquique, Huayquique, Iquique, Tarapacá",iquique,580000,2,2,58,10000
Condominio Oceánica,"Padre Hurtado 2363, Iquique, Cerro Dragón, Iquique, Tarapacá",iquique,1150000,3,2,89,12921
Arriendo Departamento En Sector Sur Excelente Ubicación,"Av. Francisco Bilbao 3421, Iquique, Huayquique, Iquique, Tarapacá",iquique,700000,3,2,80,8750
Arriendo Depto. En Conjunto Habitacional Altos De Mar,"Av. La Tirana 3900 - 4200, Iquique, Cerro Dragón, Iquique, Tarapacá",iquique,620000,2,1,50,12400
Se Arrienda Depto Amoblado En Edif. Matiz.,"Av. Arturo Prat Chacón 353, Iquique, Centro De Iquique, Iquique, Tarapacá",iquique,480000,1,1,50,9600
Arriendo Depto. Amoblado A Pocos Pasos De Playa Cavancha,"Arturo Fernández 1800 - 2100, Iquique, Cavancha, Iquique, Tarapacá",iquique,580000,1,1,40,14500
Se Arrienda Depto En Edif Plaza Campanario.,"Pedro Gamboni 2147, Iquique, Playa Brava, Iquique, Tarapacá",iquique,550000,1,1,48,11458
Edificio Bellaterra,"Av. Francisco Bilbao, Iquique, Huayquique, Iquique, Tarapacá",iquique,950000,2,2,90,10556
Edificio Life,"Obispo Labbé, Iquique, Centro De Iquique, Iquique, Tarapacá",iquique,570000,1,1,37,15405
Se Arrienda Depto En Cond. Mares Del Sur.,"Av. Arturo Prat Chacón 3524, Iquique, Huayquique, Iquique, Tarapacá",iquique,950000,3,2,120,7917
"Departamento Amoblado Anual Edificio Rotterdam, Iquique","Av. Salvador Allende Gossens 2250, Iquique, Tarapacá, Chile, Huayquique, Iquique, Tarapacá",iquique,750000,1,1,53,14151
Edificio Life,"Obispo Labbé, Iquique, Centro De Iquique, Iquique, Tarapacá",iquique,570000,1,1,37,15405
"Arriendo Departamento Edificio Rotterdam, Iquique","Pdte Salvador Allende Gossens 2250, Iquique, Huayquique, Iquique, Tarapacá",iquique,830000,2,2,67,12388
Edificio Matiz Cavancha,"Dieciocho De Septiembre 1961, Iquique, Cavancha, Iquique, Tarapacá",iquique,870000,3,2,78,11154
Edificio Amsterdam,"Av. Salvador Allende Gossens 2250, Iquique, Gómez Carreño, Iquique, Tarapacá",iquique,750000,2,2,65,11538
Departamento En Campanario,"Playa Brava 2973, 1.1109e+06 - 1.1112e+06 Iquique, Tarapacá, Chile, Playa Brava, Iquique, Tarapacá",iquique,700000,3,2,73,9589
Arriendo Con Muebles Depto Torre Capital 2 Habitaciones,"Luis Uribe 100, Iquique, Centro De Iquique, Iquique, Tarapacá",iquique,680000,2,2,82,8293
Edificio Paradise,"Iquique, Playa Brava, Tarapacá",iquique,650000,1,1,32,20312
Se Arrienda Depto Amoblado En Edif. Lynch,"Sotomayor 415, Iquique, Centro De Iquique, Iquique, Tarapacá",iquique,620000,2,1,48,12917
Condominio Portal Del Pacífico,"Av. Ramon Perez Opazo, Iquique, Cerro Dragón, Iquique, Tarapacá",iquique,1150000,3,2,101,11386
Vigias Del Mar 1,"Avenida Dos Oriente 4833, Iquique, Iquique, Tarapacá",iquique,590000,3,1,56,10536
Condominio Panorámico,"Manuel Castro Ramos 2415, Iquique, Cerro Dragón, Iquique, Tarapacá",iquique,560000,1,1,36,15556
Edificio Altus,"Obispo Labbé, Iquique, Centro De Iquique, Iquique, Tarapacá",iquique,800000,3,2,70,11429
Condominio Tadeo Haenke,"Iquique, Gómez Carreño, Tarapacá",iquique,570000,1,1,45,12667
Duplex Edificio Urbano Centro,"Anibal Pinto 787, Centro De Iquique, Iquique, Tarapacá",iquique,580000,1,1,40,14500
Departamento En Arriendo De 1 Dorm. En Iquique,"Edificio Costa Azul I, Cavancha, Iquique, Tarapacá",iquique,430000,1,1,35,12286
Villa Puchuldiza,"Rubén Donoso, Iquique, Playa Brava, Iquique, Tarapacá",iquique,570000,1,1,53,10755
Departamento Amoblado En Condominio Torres De Huayquique,"Av. La Tirana 5445, Iquique, Bajo Molle, Iquique, Tarapacá",iquique,750000,2,2,70,10714
Departamento Amoblado Edificio Huantajaya,"Pje. Cam. A La Playa 2040, Iquique, Huayquique, Iquique, Tarapacá",iquique,1000000,3,2,94,10638
Departamento Condominio Jardines De Huayquique,"Av. Proyectada 2120, Iquique, Huayquique, Iquique, Tarapacá",iquique,800000,2,2,65,12308
Departamento Amoblado Condominio Jardines De Huayquique,"Av. Proyectada 2120, Iquique, Huayquique, Iquique, Tarapacá",iquique,700000,1,1,48,14583
Departamento Amoblado Edificio Agua Marina I,"Av. Santiago Polanco 2030, Iquique, Playa Brava, Iquique, Tarapacá",iquique,600000,1,1,40,15000
"Se Arrienda Departamento 2 Dormitorios, Sector Sur - Iquique","Av. Francisco Bilbao, Iquique, Huayquique, Iquique, Tarapacá",iquique,850000,2,2,107,7944
Departamento En Arriendo De 2 Dorm. En Iquique,"SECTOR SUR, Cerro Dragón, Iquique, Tarapacá",iquique,600000,2,1,56,10714
Departamento En Arriendo De 3 Dorm. En Iquique,"PENÍNSULA DE CAVANCHA, Cavancha, Iquique, Tarapacá",iquique,1500000,3,3,145,10345
Amplio Departamento En Arriendo Primera Línea,"Cavancha, Iquique, Tarapacá",iquique,1350000,4,3,140,9643
Departamento Amoblado En Matiz Cavancha,"Cavancha, Iquique, Tarapacá",iquique,650000,1,1,45,14444
Arriendo Departamento Sector Cavancha Iquique,"Cavancha, Iquique, Tarapacá",iquique,1700000,3,4,176,9659
Arriendo Con Promesa Departamento  Barrio Parque,"Playa Brava, Iquique, Tarapacá",iquique,1800000,3,3,176,10227
Arriendo Departamento Sector Península Iquique,"Cavancha, Iquique, Tarapacá",iquique,902541,2,2,90,10028
Arriendo Departamento Amoblado,"Cavancha, Iquique, Tarapacá",iquique,750000,2,2,57,13158
Departamento En Arriendo,"Huayquique, Iquique, Tarapacá",iquique,1200000,3,2,130,9231
Arriendo Departamento Amoblado Sector Sur,"Cerro Dragón, Iquique, Tarapacá",iquique,990000,3,2,97,10206
Arriendo Departamento 2 Dormitorios Sector Sur Iquique,"Cerro Dragón, Iquique, Tarapacá",iquique,800000,2,2,73,10959
Se Arrienda Departamento Amoblado,"Playa Brava, Iquique, Tarapacá",iquique,650000,1,1,36,18056
Se Arrienda Amoblado Central,"Centro De Iquique, Iquique, Tarapacá",iquique,750000,2,2,60,12500
Arriendo Departamento Iquique Sector Península,"Cavancha, Iquique, Tarapacá",iquique,1300000,3,2,110,11818
Departamento En Punta Cavancha,"Cavancha, Iquique, Tarapacá",iquique,750000,1,1,45,16667
Arriendo Departamento Amoblado Sector Sur,"Cerro Dragón, Iquique, Tarapacá",iquique,650000,1,53,40,16250
Arriendo Departamento Amoblado Iquique,"Centro De Iquique, Iquique, Tarapacá",iquique,1100000,3,2,89,12360
Arriendo Departamento Amoblado Sector Península,"Cavancha, Iquique, Tarapacá",iquique,1700000,3,3,130,13077
Paradise - Arriendo,"Av. Santiago Polanco 2075, Huayquique, Iquique, Tarapacá",iquique,750000,2,2,66,11364
Arriendo Departamento Edificio Mirador Playa Brava 1,"Manuel Pl. 2989, Iquique, Playa Brava, Iquique, Tarapacá",iquique,1200000,3,2,85,14118
Arriendo Departamento Edificio Altos De Huayquique,"Av. La Tirana 4865, Iquique, Huayquique, Iquique, Tarapacá",iquique,900000,2,2,85,10588
Arriendo De Departamento Edificio Tres Mares,"Teresa Wilms Mont 2230, Iquique, Huayquique, Iquique, Tarapacá",iquique,800000,3,2,85,9412
Departamento Céntrico Con Vista Al Mar.,"Bernardo O'Higgins 195, Iquique, Centro De Iquique, Iquique, Tarapacá",iquique,480000,1,1,35,13714
Bello Depto En Condominio Altos De Huayquique; 1d/1b + Est.,"Av. La Tirana 4865, Iquique, Huayquique, Iquique, Tarapacá",iquique,600000,1,1,36,16667
Dpto Frente Al Mar. Edif. Velamar,"Manuel Jesús Silva 2249, Iquique, Playa Brava, Iquique, Tarapacá",iquique,660000,1,1,42,15714
"Arriendo Depto 2d 1b - C. Habitacional Altos Del Mar, Iqq","Av. La Tirana 4058, Iquique, Cerro Dragón, Iquique, Tarapacá",iquique,420000,2,1,45,9333
Departamento En Genaro Gallo/thompson,"Anturo Fernandez SN, Hospital Regional, Iquique, Tarapacá",iquique,620000,3,2,83,7470
"Se Arrienda Departamento Sector Sur, Iquique.","Los Algarrobos 4335, Iquique, Cerro Dragón, Iquique, Tarapacá",iquique,450000,3,1,58,7759
Departamento 3 Dorm Iquique Incluye Gc,"Av. Proyectada 2620, Iquique, Huayquique, Iquique, Tarapacá",iquique,785000,3,2,81,9691
Arriendo Departamento Brisas Del Sur 1,"Avenida Proyectada SN, Cerro Dragón, Iquique, Tarapacá",iquique,850000,3,2,100,8500
Departamento Edificio Altos De Huayquique,"Av. La Tirana 4865, Iquique, Huayquique, Iquique, Tarapacá",iquique,620000,1,1,45,13778
Arriendo Apartamento Estudio Amoblado,"Céspedes Y González 969, Iquique, Centro De Iquique, Iquique, Tarapacá",iquique,500000,1,1,35,14286
Rebajado Departamento 1 Dormitorio A 2 Cuadras De Cavancha,"Tomás Bonilla B. 1035, Iquique, Cavancha, Iquique, Tarapacá",iquique,450000,1,1,29,15517
Arriendo Apartamento Estudio Amoblado,"Céspedes Y González 969, Iquique, Centro De Iquique, Iquique, Tarapacá",iquique,500000,1,1,35,14286
Arriendo Departamento Nuevo Edif Paradise Iquique,"Isla San Felix SN, Cerro Dragón, Iquique, Tarapacá",iquique,800000,2,2,50,16000
Departamento Amoblado,"Obispo Labbe 830, Centro De Iquique, Iquique, Tarapacá",iquique,800000,2,2,5,160000
Arriendo Departamento En Avda. Grecia,"Estadio Calvo Y Bascuñán, Antofagasta",antofagasta,1100000,2,2,90,12222
"Dpto Centro Norte. Vista Al Mar, Sin Comision Y Gc Incluido","Av. Edmundo Pérez Zujovic 5400 - 5700, Antofagasta, Hospital Regional, Antofagasta",antofagasta,590000,1,1,38,15526
Muy Buen Departamento Sector Av. Brasil Hermosa Vista Al Mar,"Av. Grecia 1532, Antofagasta, Parque Brasil, Antofagasta",antofagasta,730000,3,2,105,6952
Depto. Arriendo Llacolen,"LLACOLEN COSTANERA SUR, Jardines Del Sur, Antofagasta",antofagasta,900000,3,2,86,10465
Depto. Arriendo Amoblado Costanera Norte,"COSTANERA NORTE, La Chimba, Antofagasta",antofagasta,750000,2,2,75,10000
Depto. Amoblado Av. Argentiina,"DEPTO. AMOBLADO AV. ARGENTINA, Centro De Antofagasta, Antofagasta",antofagasta,1050000,3,3,125,8400
Arriendo Depto. Valle Del Mar,"DEPTO. ARRIENDO VALLE DEL MAR, Jardines Del Sur, Antofagasta",antofagasta,900000,2,2,83,10843
Arriendo Depto. Brisas Costa Laguna,"BRISAS DE COSTA LAGUNA, Costa Laguna, Antofagasta",antofagasta,890000,3,2,85,10471
Departamento Con Espectacular Vista Al Mar,"DEPTO ARRIENDO 3 DORM. LIDER EXPRESS, Hospital Regional, Antofagasta",antofagasta,820000,3,2,90,9111
Depto. Arriendo Av. Grecia,"DEPTO. ARRIENDO AV. GRECIA, Estadio Calvo Y Bascuñán, Antofagasta",antofagasta,1100000,2,2,95,11579
"Depto Amoblado, Cerro Paranal","DEPTO AMOBLADO, CERRO PARANAL, Coviefi, Antofagasta",antofagasta,1500000,3,2,90,16667
Depto 2 Dorm. Frente Al Estadio Regional,"DEPTO 2 DORM. CERCA DE AVDA ANGAMOS, Estadio Calvo Y Bascuñán, Antofagasta",antofagasta,850000,2,2,58,14655
"Depto Arriendo, Frente A Balneario","DEPTO ARRIENDO , FRENTE A BALNEARIO, Estadio Calvo Y Bascuñán, Antofagasta",antofagasta,2200000,4,4,130,16923
Depto. Amoblado En Arriendo,"DEPTO. AMOBLADO EN ARRIENDO, Centro De Antofagasta, Antofagasta",antofagasta,1000000,3,2,70,14286
Mall Plaza Norte,"MALL PLAZA NORTE, Hospital Regional, Antofagasta",antofagasta,600000,1,1,37,16216
"Depto Amoblado, Mall Plaza Antofagasta","DEPTO AMOBLADO, MALL PLAZA ANTOFAGASTA, Centro De Antofagasta, Antofagasta",antofagasta,1300000,2,2,65,20000
"Depto. Semi Amoblado, Sector Norte","DEPTO. SEMI AMOBLADO, SECTOR NORTE, Parque Juan López, Antofagasta",antofagasta,950000,3,2,75,12667
Departamento En Arriendo De 2 Dorm. Sector Sur Antofagasta,"Angamos - Jumbo, Estadio Calvo Y Bascuñán, Antofagasta",antofagasta,950000,2,2,73,13014
Departamento En Arriendo De 1 Dorm Cerro Paranal Antofagasta,"Cerro Paranal, Coviefi, Antofagasta",antofagasta,630000,1,1,40,15750
Arriendo Depto Con Vista Al Mar De 4 D 3b . En Antofagasta,"Estadio Regional Calvo Bascuñañ, Playa Blanca, Antofagasta",antofagasta,900000,4,3,140,6429
Arriendo Dpto. Nuevo Sector Jaime Guzmán,Antofagasta,antofagasta,850000,3,2,80,10625
Céntríco Departamento Con Excelente Conectividad,"Centro De Antofagasta, Antofagasta",antofagasta,700000,3,2,76,9211
Arriendo Moderno Departamento Vista Costa,"Alcalde Germán Miric , Antofagasta, Departamento, Coviefi, Antofagasta",antofagasta,1300000,3,2,99,13131
Arriendo Departamento Costa Laguna,"Gladys Marín N° , Antofagasta, Chile, Departamento, Costa Laguna, Antofagasta",antofagasta,1400000,3,2,100,14000
"Departamento Amoblado,  Costa Laguna","Costa Laguna, Antofagasta",antofagasta,1700000,3,2,111,15315
Arriendo Departamento En Cerro Paranal,"Coviefi, Antofagasta",antofagasta,1500000,3,2,110,13636
Moderno Y Nuevo Departamento Sector Jaime Guzmán,Antofagasta,antofagasta,800000,2,2,43,18605
Arriendo Departamento Equipado Puerto Nuevo,"Centro De Antofagasta, Antofagasta",antofagasta,750000,1,1,28,26786
Arriendo Departamento Estilo Mariposa Frente Ucn,"Playa Blanca, Antofagasta",antofagasta,784819,2,2,68,11541
Arriendo Departamento Equipado Sector Brasil,"Parque Brasil, Antofagasta",antofagasta,1200000,2,2,68,17647
Arriendo Dpto. 2 Dormitorios En Torre Codelco,"Playa Paraíso, Antofagasta",antofagasta,720000,2,2,90,8000
Lindo Departamento Frente Parque Juan López,Antofagasta,antofagasta,750000,3,2,83,9036
Arriendo Hermoso Depto. Vista Al Mar Av. Brasil Antofagasta,"Antonio Poupin 1071, Antofagasta, Parque Brasil, Antofagasta",antofagasta,784819,1,2,74,10606
Arriendo Hermoso Departamento Centro Antofagasta,"Uribe 391, Antofagasta, Centro De Antofagasta, Antofagasta",antofagasta,706337,3,2,70,10091
A Estrenar En Llacolén 2 Dorm/ 2 Bañ / Bod/ Estacionamiento/,"Av. Jaime Guzmán Errázuriz 4080, Antofagasta, Jardines Del Sur, Antofagasta",antofagasta,780000,2,2,68,11471
Acogedor Departamento 3d En Parque Ingles,"Antofagasta, Playa Blanca",antofagasta,900000,3,2,68,13235
Arriendo Departamento 3 Dormitorios En Cerro Paran...,"Antofagasta, Coviefi",antofagasta,1216469,3,2,87,13982
Arriendo Departamento Nuevo Amoblado En Cerro Para...,"Antofagasta, Coviefi",antofagasta,800000,1,1,35,22857
Moderno Y Cómodo Departamento Con Vista Al Mar.,"Antofagasta, Coviefi",antofagasta,1962046,3,2,139,14115
Arriendo Dpto. Amoblado 3d 2b Cerro Paranal,"Antofagasta, Coviefi",antofagasta,1500000,3,2,94,15957
"Hermoso Departamento 3 Dormitorios, Edificio Atlán...","Antofagasta, Jardines Del Sur",antofagasta,1000000,3,2,110,9091
Arriendo Departamento Nuevo 3 Dormitorios Con Vist...,Antofagasta,antofagasta,900000,3,2,74,12162
"Departamento Amoblado 3 Dormitorios, Sector Sur","Antofagasta, Coviefi",antofagasta,1300000,3,2,90,14444
Arriendo Departamento Frente A Espacio Urbano Y Mu...,"Antofagasta, Playa Paraíso",antofagasta,1200000,3,2,70,17143
Arriendo Departamento 3 Habitaciones En El Centro ...,"Antofagasta, Centro De Antofagasta",antofagasta,940000,3,2,86,10930
Arriendo Departamento 3 Dormitorios Amoblado,"Antofagasta, Centro De Antofagasta",antofagasta,950000,3,2,72,13194
Arriendo Departamento De 3 Dormitorios En Jardines...,"Antofagasta, Jardines Del Sur",antofagasta,1400000,3,3,128,10938
Departamento 2 Dormitorios Sector Líder Express Co...,"Antofagasta, Hospital Regional",antofagasta,620000,2,1,42,14762
"Departamento Amoblado En Salvador Reyes, Antofagas...","Antofagasta, Parque Brasil",antofagasta,900000,2,2,60,15000
En Arriendo Espectacular Departamento Frente Al Ma...,"Antofagasta, Estadio Calvo Y Bascuñán",antofagasta,950000,4,3,102,9314
Espectacular Vista! Departamento 1d 1b,Antofagasta,antofagasta,660000,1,1,44,15000
Cómodo Departamento Amoblado En Sector Sur,Antofagasta,antofagasta,1500000,4,3,107,14019
Amplio Departamento De 1 Dormitorio Con Gastos Com...,"Antofagasta, Estadio Calvo Y Bascuñán",antofagasta,610000,1,1,46,13261
Arriendo Departamento 4 Dormitorios Linda Vista,"Antofagasta, Jardines Del Sur",antofagasta,1400000,4,3,122,11475
Arriendo Departamento 3 Dormitorios Con Hermosa Vi...,Antofagasta,antofagasta,1300000,3,3,130,10000
Se Arrienda Departamento En Jardines Del Sur,"Antofagasta, Jardines Del Sur",antofagasta,750000,2,2,70,10714
Arriendo Departamento Duplex  Lidia Moreno,"Antofagasta, Parque Juan López",antofagasta,1200000,4,3,90,13333
Departamento De 3 Dormitorios Sector Llacolén,"Huascar, Jardines Del Sur, Antofagasta",antofagasta,1150000,3,2,90,12778
"Hermoso Depto. Con Vista Al Mar, Sector Sur","Jardines Del Sur, Antofagasta",antofagasta,1100000,3,2,104,10577
"Hermoso Departamento Con Vista Al Mar, Sector Sur.",Antofagasta,antofagasta,1100000,3,2,110,10000
"Departamento Nuevo 2d, Sector Norte","Trocadero, Antofagasta",antofagasta,690000,2,1,53,13019
Hermoso Departamento Amoblado Sector Sur.,"Coviefi, Antofagasta",antofagasta,1350000,3,2,87,15517
Hermoso Departamento Amoblado Para Ejecutivos Y Empresas,"Coviefi, Antofagasta",antofagasta,1200000,2,2,83,14458
"Departamento Con Vista Al Mar, Sector Sur",Antofagasta,antofagasta,850000,3,2,89,9551
"Departamento Amoblado Con Vista Al Mar, Sector Sur","Coviefi, Antofagasta",antofagasta,950000,2,2,76,12500
"Departamento Con Vista Al Mar, Sector Sur","Jardines Del Sur, Antofagasta",antofagasta,800000,2,2,55,14545
Departamento Amoblado Con Vista Al Mar,"Centro De Antofagasta, Antofagasta",antofagasta,900000,3,2,75,12000
"Departamento  3 Dormitorios, Sector Norte","Nicolás Tirado, Antofagasta",antofagasta,800000,3,2,76,10526
"Duplex Full Amoblado, Sector Sur","Estadio Calvo Y Bascuñán, Antofagasta",antofagasta,930000,2,2,85,10941
"Departamento Full Amoblado Con Vista Al Mar, Sector Sur","Centro De Antofagasta, Antofagasta",antofagasta,1100000,2,2,54,20370
"Departamento Full Amoblado Con Vista Al Mar, Sector Sur","Playa Blanca, Antofagasta",antofagasta,900000,3,2,70,12857
Departamento Sector Norte,"Hospital Regional, Antofagasta",antofagasta,650000,2,1,46,14130
Se Arrienda Departamento Condominio Caparrosa Iii,"Limonita 10590, Antofagasta, Parque Juan López, Antofagasta",antofagasta,500000,3,1,75,6667
Depto. Amoblado En Excelente Ubicación Y Vista Panorámica,"Av. Jaime Guzmán Errázuriz, Antofagasta, Antofagasta",antofagasta,1450000,3,3,150,9667
Departamento Sector Av. Brasil. Hermosa Vista Al Mar,"Av. Grecia 1532, Antofagasta, Parque Brasil, Antofagasta",antofagasta,730000,3,2,105,6952
Hermoso  Depto Amoblado Full  1 Dormitorio Norte,"LIDIA MORENO, 1 - 300, Parque Juan López, Antofagasta",antofagasta,650000,1,1,43,15116
Departamento  Condominio Faro Norte Sector Norte,"Ascotan Norte, 1 - 300, La Chimba, Antofagasta",antofagasta,500000,1,1,54,9259
Departamento Condominio Parque Costanera 2,"Calle El Oro, 8100 - 8400, Nicolás Tirado, Antofagasta",antofagasta,700000,3,2,90,7778
Arriendo  Departamento Sector Nicolas Tirado,"El Yodo, 8100 - 8400, Nicolás Tirado, Antofagasta",antofagasta,700000,3,2,78,8974
Arriendo Departamento 4 Dormitorios,"Avenida Jaime Guzman, 4500 - 4800, Antofagasta",antofagasta,1400000,4,3,113,12389
Departamento 2 Dormitorios Central,"Iquique, 3900 - 4200, Playa Paraíso, Antofagasta",antofagasta,620000,2,2,43,14419
"Arriendo Bahia Blanca, Sector Norte","Av. Edmundo Pérez Zujovic #11 - 300890, 0, La Chimba, Antofagasta",antofagasta,1000000,3,2,87,11494
Departamento En Arriendo Sector Norte,"Ascotan Norte, 1 - 300, La Chimba, Antofagasta",antofagasta,680000,2,2,60,11333
Departamento Amoblado En Arriendo Sector Norte,"Ascotan Norte, 1 - 300, La Chimba, Antofagasta",antofagasta,780000,2,2,60,13000
"Arriendo Depto Villa Grandon, Antofagasta","Bandera #7398, 1 - 300, Nicolás Tirado, Antofagasta",antofagasta,480000,3,1,64,7500
Departamento Amoblado 1 Dor En Parque Inglés,"Salar Grande 121, 1 - 300, Playa Blanca, Antofagasta",antofagasta,600000,1,1,47,12766
Departamento  Costa Laguna Amoblado,"Gladys Marin, 600 - 900, Costa Laguna, Antofagasta",antofagasta,620000,2,2,45,13778
Departamento Interior En Sector Brasil,"Copiapo, 865, Parque Brasil, Antofagasta",antofagasta,700000,3,1,60,11667
¡tu Nuevo Hogar En Antofagasta Te Espera!,"Galleguillos Lorca 1553, 1 - 300, Parque Brasil, Antofagasta",antofagasta,850000,3,1,68,12500
"Departamento Nuevo 1d 1b Bodega, Estacionamiento","Calle Maipu, 300 - 600, Centro De Antofagasta, Antofagasta",antofagasta,580000,1,1,50,11600
"Vive Modernamente En Edificio Icono, Antofagasta","Uribe 31 - 3005, 0, Centro De Antofagasta, Antofagasta",antofagasta,790000,1,1,48,16458
Departamento Amoblado Cerro Paranal,"Coviefi, Antofagasta",antofagasta,1000000,2,2,67,14925
Kimpao: Arrienda Departamento En Llacolen Amoblado,"LAvenida Jaime Gusman 04824 SN, Jardines Del Sur, Antofagasta",antofagasta,1400000,3,2,100,14000
Arriendo  987005522,"Balmaceda  1414, Antofagasta, Calama SN, Hospital Regional, Antofagasta",antofagasta,750000,2,2,60,12500
Se Arrienda Hermoso Departamento Con Vista Al Mar En El S...,"Jardines Del Sur, Antofagasta",antofagasta,1200000,4,3,118,10169
Se Arrienda Hermoso Departamento 2 D Y 2 B Sector Sur Ant...,"Coviefi, Antofagasta",antofagasta,950000,2,2,90,10556
Se Arrienda Hermoso Y Amplio Departamento Con Vista Al Mar,"Sargento Aldea 311, Hospital Regional, Antofagasta",antofagasta,580000,1,1,40,14500
Vendo Depto. Sector Sur  Con Vista Al Mar,"Av. Cerro Paranal, Coviefi, Antofagasta",antofagasta,233483534,3,2,106,2202675
En Arriendo Hermoso Departamento Vista Al Al Mar Amoblado...,"Costa Laguna, Antofagasta",antofagasta,1200000,3,2,90,13333
Espectacular Vista Al Mar Departamento Playa Llacolén S. Sur,"Av. Jaime Guzmán Errázuriz 4200, Antofagasta, Antofagasta",antofagasta,700000,1,1,43,16279
Se Arrienda Amplio Departamento En Sector Llacolén,"Jardines Del Sur, Antofagasta",antofagasta,950000,3,2,94,10106
Se Arrienda Dpto Amoblado Sector Centro Vista Al Mar,"Centro De Antofagasta, Antofagasta",antofagasta,700000,2,2,78,8974
Se Arrienda Excelente  Departamento Nuevo 1 Ambiente Full...,"Parque Juan López, Antofagasta",antofagasta,650000,1,1,50,13000
Se Arrienda Hermoso Departamento Con Vista Al Mar,"Parque Juan López, Antofagasta",antofagasta,600000,1,1,50,12000
Se Arrienda Dpto. 1 Dormitorio Sector Sur,"Playa Blanca, Antofagasta",antofagasta,680000,1,1,45,15111
Se Arrienda Departamento Amoblado En Pleno Centro,"Centro De Antofagasta, Antofagasta",antofagasta,1100000,3,2,110,10000
Se Arrienda Amplio  Departamento Con Vista Al Mar,"Centro De Antofagasta, Antofagasta",antofagasta,1050000,3,3,120,8750
Se Arrienda Amplio Departamento En Faro Norte,"La Chimba, Antofagasta",antofagasta,680000,2,2,74,9189
Se Arrienda Departamento Amoblado En Sector Norte,"La Chimba, Antofagasta",antofagasta,650000,1,1,41,15854
Se Arrienda Departamento Vista Al Mar Sector Norte,"La Chimba, Antofagasta",antofagasta,850000,2,2,74,11486
Se Arrienda Amplio Departamento  Barrio Brasil,"Parque Brasil, Antofagasta",antofagasta,1250000,4,3,140,8929
Se Arrienda Hermoso Departamento 2 Dormitorios Sector Sur...,"Jardines Del Sur, Antofagasta",antofagasta,700000,2,1,57,12281
Arriendo Departamento Sector Sur Borde Costero,"Av. Jaime Guzmán Errázuriz 4300, Antofagasta, Antofagasta",antofagasta,650000,1,1,30,21667
Se Arrienda Dpto. Nuevo 2 D. Vista Al Mar Sector Norte,"La Chimba, Antofagasta",antofagasta,780000,2,1,60,13000
Se Arrienda Amplio Departamento A Pasos Del Estadio Regional,"Estadio Calvo Y Bascuñán, Antofagasta",antofagasta,1100000,3,2,91,12088
Se Arrienda Hermoso Departamento Amoblado Sector Sur.,"Jardines Del Sur, Antofagasta",antofagasta,600000,3,1,50,12000
Arriendo Hermoso Departamento Vista Al Mar,"Nicolás Tirado, Antofagasta",antofagasta,580000,1,1,37,15676
Se Arrienda Amplio E Iluminado Departamento Hermosa Vista...,"Jardines Del Sur, Antofagasta",antofagasta,1100000,3,1,125,8800
Se Arrienda Hermoso Departamento Frente Al Mar.,"Hospital Regional, Antofagasta",antofagasta,680000,2,2,60,11333
Se Arrienda Hermoso Y Nuevo Departamento Del Norte,"Parque Juan López, Antofagasta",antofagasta,1300000,3,2,89,14607
Se Arrienda Departamento  Nuevo Sector Norte,"Parque Juan López, Antofagasta",antofagasta,890000,3,2,89,10000
Se Arrienda O Vende Exclusivo Departamento Full Equipado,"Playa Blanca, Antofagasta",antofagasta,950000,2,2,84,11310
Se Arrienda Departamento Nuevo Edificio Alerce,"Avenida Rica Aventura  10701, La Chimba, Antofagasta",antofagasta,800000,2,2,80,10000
Se Arrienda Dpto.2d. 2b. Costa Laguna Vista Al Mar,"Costa Laguna, Antofagasta",antofagasta,730000,2,2,70,10429
Se Arrienda Hermoso Dpto. Excelente Ubicación Sector Sur ...,"Jardines Del Sur, Antofagasta",antofagasta,1500000,4,3,125,12000
"Departamento 3 Dorm, 2 Baños. Sector Avenida Brasil","AVELINO CONTARDO CON ANGAMOS, Parque Brasil, Antofagasta",antofagasta,1300000,3,2,120,10833
Arriendo Departamento Jardines Del Sur,"Subida Del Agua 270, Antofagasta, Jardines Del Sur, Antofagasta",antofagasta,720000,2,2,72,10000
Departamento Amoblado 1 Dormitorio Parque Brasil,"Copiapó 801, Antofagasta, Chile, Parque Brasil, Antofagasta",antofagasta,720000,1,1,40,18000
Amplio Departamento Sur,"Jaime Guzman Errazuriz - Avenida Jaime Guzmán Errázuriz 4100, Antofagasta, Chile, Jardines Del Sur, Antofagasta",antofagasta,900000,3,2,117,7692
Arriendo Depto. Sector Norte Antofagasta,"Avenida Rica Aventura 10701, Antofagasta, Chile, Parque Juan López, Antofagasta",antofagasta,600000,1,1,37,16216
Se Arrieda Departamento 2 Dormitorios En Sector Central Valo,"Bellavista 3831, Antofagasta, Chile, Playa Paraíso, Antofagasta",antofagasta,680000,2,1,54,12593
"Se Arrienda Departamento Amoblado En Antofagasta, Sector Nor","Gladys Marín 625, Antofagasta, Chile, Costa Laguna, Antofagasta",antofagasta,780000,2,2,61,12787
¡¡excelente Oportunidad!! Se Arrienda Hermoso Departamento,"Manuel Verbal 1545, Antofagasta, Chile, Parque Brasil, Antofagasta",antofagasta,900000,2,2,61,14754
Se Arrienda Hermoso Departamento Amoblado En Antofagasta (co,"Gladys Marín 625, Antofagasta, Chile, Costa Laguna, Antofagasta",antofagasta,950000,3,2,90,10556
Se Arrienda Departamento De 3 Dormitorios Amoblado En Sector,"Avenida Cerro Paranal 270, Antofagasta, Chile, Coviefi, Antofagasta",antofagasta,1300000,3,2,100,13000
Lujoso Dpto 3d3b Amoblado En Pleno Centro Por Av Argentina,"Av. Argentina 2881, Antofagasta, Chile, Centro De Antofagasta, Antofagasta",antofagasta,1050000,3,3,140,7500
Se Arrienda Departamento 3 Dormitorios 2 Baños  En Sector N,"Lidia Moreno 177, Antofagasta, Chile, Parque Juan López, Antofagasta",antofagasta,780000,3,2,80,9750
Se Arrienda Departamento En Avenida Rendic Con Av Salvador A,"Avenida Salvador Allende 560, Antofagasta, Chile, Hospital Regional, Antofagasta",antofagasta,600000,1,1,40,15000
Se Arrienda Departamento 2 Dormitorio En Sector Norte Valor,"Pirita 10455, Antofagasta, Chile, Parque Juan López, Antofagasta",antofagasta,700000,2,1,58,12069
Parque Costanera,"El Azufre 23, Antofagasta, Chile, Nicolás Tirado, Antofagasta",antofagasta,500000,1,1,39,12821
Bello Dpto Amoblado Sobre Lider Express 1d1b,"Av. Edmundo Pérez Zujovic 5490, Antofagasta, Chile, Hospital Regional, Antofagasta",antofagasta,640000,1,1,39,16410
Bello Dpto Nuevo 2d1b Condominio Velas Del Norte Ii,"Ascotán Norte 141, Antofagasta, Chile, La Chimba, Antofagasta",antofagasta,650000,2,1,40,16250
Belllo Dpto 1d1b Amoblado Sobre Lider Express,"Av. Edmundo Pérez Zujovic 5490, Antofagasta, Chile, Hospital Regional, Antofagasta",antofagasta,630000,1,1,42,15000
Bello Dpto Amoblado 1d1b Sobre Lider Express,"Av. Edmundo Pérez Zujovic 5490, Antofagasta, Chile, Hospital Regional, Antofagasta",antofagasta,640000,1,1,38,16842
Departamento Amoblado Arriendo - Antofagasta,"Copiapó 865, Antofagasta, Chile, Parque Brasil, Antofagasta",antofagasta,700000,3,1,90,7778
Excelente Oportunidad!! Se Arrienda Amplio Y Hermoso Departa,"José Miguel Carrera 1821, Antofagasta, Chile, Parque Brasil, Antofagasta",antofagasta,1600000,4,3,120,13333
"Depto 3 Habitaciones En Arriendo, La Chimba","Avenida Rica Aventura 11930, Antofagasta, Chile, La Chimba, Antofagasta",antofagasta,550000,3,1,60,9167
Bello Dpto 1d1b Amoblado Sobre Lider Express,"Av. Edmundo Pérez Zujovic 5490, Antofagasta, Chile, Hospital Regional, Antofagasta",antofagasta,640000,1,1,39,16410
Se Arrienda Departamento Amoblado A Empresas Centro Ciudad A,"Capitán Carlos Condell 2955, Antofagasta, Chile, Centro De Antofagasta, Antofagasta",antofagasta,1137987,3,3,90,12644
"Dpto. 2 Dorm. En Arriendo, Sector Norte","Avenida Edmundo Pérez Zujovic 10890, Antofagasta, Chile, La Chimba, Antofagasta",antofagasta,690000,2,2,67,10299
¡excelente Oportunidad! Arriendo Departamento Amoblado Sect,"Las Colonias  621, Antofagasta, Estadio Calvo Y Bascuñán, Antofagasta",antofagasta,750000,1,1,40,18750
"Se Arrienda Departamento $500.00.- + Gastos Comunes, Tipo Es","Avenida Angamos 1087, Antofagasta, Chile, Estadio Calvo Y Bascuñán, Antofagasta",antofagasta,500000,1,1,40,12500
Excelente Oportunidad! Se Arrienda Departamento $670.000-con,"Benito Ocampo 11640, Antofagasta, Chile, La Chimba, Antofagasta",antofagasta,670000,3,2,90,7444
Arriendo Depto Amoblado,"Ascotán Norte 155, Antofagasta, Chile, La Chimba, Antofagasta",antofagasta,750000,2,2,61,12295
¡excelente Oportunidad! Arriendo Departamento Sector Gran V,"Las Colonias 621, Antofagasta, Chile, Estadio Calvo Y Bascuñán, Antofagasta",antofagasta,650000,1,1,40,16250
Excelente Oportunidad!! $1.300.000 Se Arrienda Amplio Y Herm,"Alcalde German Miric Vega 621, Antofagasta, Chile, Coviefi, Antofagasta",antofagasta,1300000,3,2,90,14444
Se Arrienda Departamento Cerro Paranal,"Av. Cerro Paranal 515, Antofagasta, Coviefi, Antofagasta",antofagasta,900000,3,2,83,10843
Se Arrienda Departamento En Condominio Lomas Del Norte Ii,"Félix García 320, Antofagasta, Parque Juan López, Antofagasta",antofagasta,800000,3,2,31,25806
Se Arrienda Departamento En Condominio Parque Costanera,"El Azufre 23, Antofagasta, Nicolás Tirado, Antofagasta",antofagasta,620000,3,2,75,8267
Se Arrienda Departamento En Condominio Velas Del Norte Ii,"Ascotán Nte. 145, Antofagasta, La Chimba, Antofagasta",antofagasta,540000,2,1,50,10800
Se Arrienda Departamento Amoblado En Cerro Paranal,"Av. Cerro Paranal 270, Antofagasta, Coviefi, Antofagasta",antofagasta,1350000,3,2,80,16875
Se Arrienda Departamento En Condominio Puerta Del Norte,"Alcalde Miguel Rojas 0428, Antofagasta, Costa Laguna, Antofagasta",antofagasta,550000,3,1,58,9483
Se Arrienda Departamento En Edificio Las Garzas,"Sierra Nevada 11110, Antofagasta, La Chimba, Antofagasta",antofagasta,500000,1,1,39,12821
Se Arrienda Departamento En Sargento Aldea,"Sgto. Aldea 315, Antofagasta, Hospital Regional, Antofagasta",antofagasta,440000,1,1,34,12941
Se Arrienda Departamento En Condominio Velas Del Norte,"Ascotán Nte. 131, Antofagasta, La Chimba, Antofagasta",antofagasta,595000,2,2,40,14875
Se Arrienda Departamento En Condominio Faro Norte,"Ascotán Nte. 155, Antofagasta, La Chimba, Antofagasta",antofagasta,732000,2,2,61,12000
Se Arrienda Departamento En Condominio Las Garzas,"Sierra Nevada 11110, Antofagasta, La Chimba, Antofagasta",antofagasta,500000,1,1,39,12821
Se Arrienda Hermoso Departamento En Edificio Novo,"Almte. Juan José Latorre 3002, Antofagasta, Centro De Antofagasta, Antofagasta",antofagasta,530000,2,2,54,9815
Se Arrienda Departamento Condominio Faro Norte Sector Norte,"Ascotán Nte. 155, Antofagasta, La Chimba, Antofagasta",antofagasta,580000,2,2,65,8923
Se Arrienda Departamento En Condominio Caparrosa Iii,"Limonita 10590, Antofagasta, Parque Juan López, Antofagasta",antofagasta,415000,1,1,38,10921
Se Arrienda Departamento En Condominio Savona,"C. Llullaillaco 2351, Antofagasta, Jardines Del Sur, Antofagasta",antofagasta,445000,3,2,45,9889
Se Arrienda Departamento En Salitrera Candelaria,"C. Llullaillaco 2301, Antofagasta, Jardines Del Sur, Antofagasta",antofagasta,548000,3,1,45,12178
Se Arrienda Departamento En Sargento Aldea,"Sgto. Aldea 315, Antofagasta, Hospital Regional, Antofagasta",antofagasta,500000,2,1,47,10638
Se Arrienda Departamento Amoblado En Edicifio Alto Mar,"Teniente Manuel Orella 643, Antofagasta, Centro De Antofagasta, Antofagasta",antofagasta,640000,2,2,80,8000
Se Arrienda Departamento Amoblado En Costa Laguna,"Sergio Ortega, Antofagasta, Costa Laguna, Antofagasta",antofagasta,650000,3,2,75,8667
Se Arrienda Departamento En Costa Laguna,"Sergio Ortega, Antofagasta, Costa Laguna, Antofagasta",antofagasta,570000,3,2,75,7600
Se Arrienda Departamento Sector Centro Norte,"Av. Antonio Rendic 4727, Antofagasta, Hospital Regional, Antofagasta",antofagasta,650000,2,2,67,9701
"Arriendo Departamento A Pasos De Arauco Express, Centronorte","Sgto. Aldea 300 - 600, Antofagasta, Hospital Regional, Antofagasta",antofagasta,530000,2,1,40,13250
"Departamento Full Amoblado, Edificio Maitén Antofagasta","Lidia Moreno 177, 1240000 Antofagasta, Chile, Parque Juan López, Antofagasta",antofagasta,620000,1,1,43,14419
"2 Dormitorios, Vista Al Mar Con Estacionamiento","Avenida Jaime Guzmán Errázuriz, 4100, Antofagasta",antofagasta,790000,2,2,4,197500
Amplio Departamento Con Patio Sector Sur,"Travesía Del Cerro, 2904, Jardines Del Sur, Antofagasta",antofagasta,1373433,3,2,150,9156
Arriendo Hermoso Departamento Frente Al Mar,"Avenida Jaime Guzmán Errázuriz, 4200, Antofagasta",antofagasta,1200000,3,2,110,10909
Arriendo Departamento Amoblado  Avenida Cerro Paranal,"Paranal, 360, Coviefi, Antofagasta",antofagasta,1300000,3,2,112,11607
Departamento 1d1b1e1b  Sector Sur,"Antilhue, 730, Coviefi, Antofagasta",antofagasta,650000,1,1,45,14444
Departamento Costa Laguna 3d1b1e 5to Piso,"Los Conquistadores, 13755, Costa Laguna, Antofagasta",antofagasta,650000,3,1,61,10656
Oportunidad De Arriendo Sector Centro,"Avenida Argentina, 2272, Centro De Antofagasta, Antofagasta",antofagasta,1050000,3,3,110,9545
Gran Oportunidad De Arriendo En Sector Sur,"Avenida República De Croacia, 795, Estadio Calvo Y Bascuñán, Antofagasta",antofagasta,990000,3,2,90,11000
Arriendo Departamento Duplex Semi Amoblado,"Calle Salar Grande, 121, Playa Blanca, Antofagasta",antofagasta,700000,2,2,85,8235
Depto 2 Pisos Antonino Toro (101205),"Antonino Toro 1 - 300, Parque Brasil, Antofagasta",antofagasta,1100000,4,3,150,7333
Totalmente Equipado!! (24092),"Gladys Marín, Antofagasta, Chile, Costa Laguna, Antofagasta",antofagasta,1255710,3,2,136,9233
Departamento 3d 2b 1e  Centro (103253),"Porras 1 - 300, Centro De Antofagasta, Antofagasta",antofagasta,650000,3,2,76,8553
Impecable Departamento A Pasos Del Centro  (103521),"Simón Bolívar 1 - 300, Centro De Antofagasta, Antofagasta",antofagasta,650000,2,1,75,8667
Departamento En Zona Exclusiva Para Empresas (97997),"Llacolén 1 - 300, Antofagasta",antofagasta,1500000,4,3,125,12000
Cómodo Depto. Ubicado En Parque Universitario (94401),"Oportunidad Arriendo En Portal Universitario, Jardines Del Sur, Antofagasta",antofagasta,550000,3,1,40,13750
Se Arrienda Depto Edificio Porto Alegre (101426),"Galleguillos Lorca 1 - 300, Parque Brasil, Antofagasta",antofagasta,1400000,3,3,120,11667
Exclusivo Departamento  (101071),"Antilhue 600 - 900, Antofagasta, Chile, Playa Blanca, Antofagasta",antofagasta,900000,3,2,72,12500
Se Arrienda Dpto Amoblado A Empresas.  (86651),"Galleguillos Lorca 600 - 900, Parque Brasil, Antofagasta",antofagasta,1500000,2,2,60,25000
Se Arrienda Dpto Full Amoblado Para Empresa. (96997),"Los Conquistadores 1 - 300, Costa Laguna, Antofagasta",antofagasta,1000000,3,1,60,16667
Se Arrienda Departamento Nuevo. (98346),"Avenida Argentina 1 - 300, Estadio Calvo Y Bascuñán, Antofagasta",antofagasta,850000,3,2,107,7944
Arriendo Depto Sector Sur Antofagasta (99408),"ARRIENDO DEPTO 1 - 300DORMITORIOS ANTOFAGASTA, Playa Blanca, Antofagasta",antofagasta,850000,3,2,100,8500
Arriendo A Empresas Y Particulares (102409),"Luis Franco Ávalos, Antofagasta, Chile, Playa Blanca, Antofagasta",antofagasta,1400000,3,3,120,11667
Departamento Valle Del Mar (103698),"Valle Del Mar 3600 - 3900, Antofagasta, Chile, Jardines Del Sur, Antofagasta",antofagasta,900000,2,2,96,9375
Departamento Palmas Del Sur 1 (101607),"Avenida Jaime Guzmán Errázuriz 1 - 300, Jardines Del Sur, Antofagasta",antofagasta,790000,2,2,70,11286
Excéntrico Conectividad Ricaventura   (101035),"Avenida Rica Aventura 1 - 300, Parque Juan López, Antofagasta",antofagasta,850000,2,2,71,11972
Se Arrienda Amplio Departamento (103545),"Avenida Pedro Aguirre Cerda 300 - 600, Trocadero, Antofagasta",antofagasta,700000,3,2,76,9211
Se Arrienda Departamento En Antofagasta (102980),"Sierra Nevada 10500 - 10800, Parque Juan López, Antofagasta",antofagasta,620000,3,1,55,11273
Se Arrienda Departamento En Antofagasta (101000),"Osvaldo Silva Castellón 1 - 300, Playa Blanca, Antofagasta",antofagasta,1000000,3,2,95,10526
Se Arrienda Departamento En Antofagasta (98224),"Lidia Moreno 1 - 300, Parque Juan López, Antofagasta",antofagasta,550000,1,1,40,13750
Oportunidad Arriendo Departamento (103511),"Sierra Nevada 300 - 600, Parque Juan López, Antofagasta",antofagasta,550000,2,1,60,9167
Se Arrienda Departamento (103045),"Avenida Iquique 300 - 600, Playa Paraíso, Antofagasta",antofagasta,680000,2,1,41,16585
Se Arrienda Departamento (101893),"El Yodo 1 - 300, Nicolás Tirado, Antofagasta",antofagasta,720000,3,2,78,9231
Se Arrienda Depto 2d+2b+1est Sin Amoblar 1.000.000/ Semiamob,"Llacolén, Jardines Del Sur, Antofagasta",antofagasta,1000000,2,2,83,12048
Se Arrienda Apart Hotel Con 12 Habitaciones Con Baño Privado,"Cerca Del Antonino Heladería Y Churrería, Parque Brasil, Antofagasta",antofagasta,10987460,12,13,725,15155
Departamento,"Av Edmundo Pérez Zujovic 10890, La Chimba, Antofagasta",antofagasta,1000000,3,2,87,11494
Se Arrienda Departamento Duplex En Condominio Parque Juan Ló,"Lidia Moreno, Parque Juan López, Antofagasta",antofagasta,1000000,4,2,100,10000
Arriendo Departamentos Full Amoblados De Dos Y Tres Dormitor,"JAIME GUZMAN ERRAZURIZ, Jardines Del Sur, Antofagasta",antofagasta,1700000,3,2,130,13077
Se Arrienda Espectacular Departamento Amoblado Estilo Maripo,"Av. Argentina A Pasos De La Avenida Brasil, Parque Brasil, Antofagasta",antofagasta,850000,2,2,52,16346
Arriendo Departamento Amoblado En La Av. Cerro Paranal De La,"AV. CERRO PARANAL, Coviefi, Antofagasta",antofagasta,1300000,3,2,110,11818
Se Arrienda Departamento En El Azufre 23 De 2 D+2b+1 Est Y 1,"EL Azufre 23, Nicolás Tirado, Antofagasta",antofagasta,630000,2,2,70,9000
Exclusiva Ubicación Full Amoblado 3d2b,"Cerro Paranal 270, Coviefi, Antofagasta",antofagasta,1420000,3,2,93,15269
Exclusiva Ubicación 4d 3b Full Amoblado,"Avenida Jaime Guzmán 04794, Antofagasta",antofagasta,1200000,4,3,111,10811
Se Arrienda Departamento Grande Playa Llacolen,"Avenida Jaime Guzman 04794, Centro De Antofagasta, Antofagasta",antofagasta,900000,3,2,120,7500
Se Arrienda Departamento Amoblado Jardines Del Sur,"Avenida Claudio Arrau, Jardines Del Sur, Antofagasta",antofagasta,2000000,3,3,140,14286
Dpto. 2d2b Full Amoblado Ed Santos Ossa,"Calle Copiapo 801, Parque Brasil, Antofagasta",antofagasta,790000,2,2,50,15800
Se Arrienda Departamento En Condominio Faro Norte,"Ascotán Norte 155, Antofagasta, Chile, La Chimba, Antofagasta",antofagasta,650000,2,2,52,12500
Cerro Paranal Dpto. 2d2b Full Amoblado,"Avenida Cerro Paranal 210, Coviefi, Antofagasta",antofagasta,950000,2,2,1,950000
Cerro Paranal Dpto. 3d2b Amoblado - Propiedades Ok,"Avenida Cerro Paranal 271, Coviefi, Antofagasta",antofagasta,1350000,3,2,96,14062
Se Arrienda Departamento Amoblado Sector Norte,"BONASORT 9, La Chimba, Antofagasta",antofagasta,850000,3,2,73,11644
Se Arrienda Departamento En Condominio Faro Norte,"Ascotán Nte. 1 - 300, Antofagasta, La Chimba, Antofagasta",antofagasta,650000,2,2,52,12500
Arriendo Departamento Amoblado En La Av. Cerro Paranal Ciuda,"AV. CERRO PARANAL, Coviefi, Antofagasta",antofagasta,1300000,3,2,98,13265
Departamento Amoblado Excelente Ubicación Sector Sur,"Av. Argentina 1500 - 1800, Antofagasta, Parque Brasil, Antofagasta",antofagasta,700000,1,1,45,15556
Lindo Departamento Sector Parque Brasil,"Galleguillos Lorca 1693, Antofagasta, Parque Brasil, Antofagasta",antofagasta,850000,2,2,79,10759
Departamento Excelente Ubicación Parque Brasil 5d/3b Sin Gc,"Av. Gral. Bernardo O'Higgins 1200 - 1500, Antofagasta, Parque Brasil, Antofagasta",antofagasta,1100000,5,3,134,8209
Espectacular Departamento En Arriendo,"CONDOMINIO VOLCANES, Parque Juan López, Antofagasta",antofagasta,700000,3,1,76,9211
Hermoso Departamento En Arriendo,"EDIFICIO  ROBLE, Parque Juan López, Antofagasta",antofagasta,580000,1,1,44,13182
"Scp Arrienda Depto Sector Norte De Antofagasta, 3h 2b.","SCP ARRIENDA DEPTO SECTOR NORTE DE ANTOFAGASTA, 3H 2B., La Chimba, Antofagasta",antofagasta,1000000,3,2,88,11364
Se Arrienda Departamento,"ANTOFAGASTA, La Chimba, Antofagasta",antofagasta,600000,2,1,60,10000
Se Arrienda Departamento Nuevo,"ANTOFAGASTA, Antofagasta",antofagasta,800000,2,2,60,13333
¡espacioso Dpto. En Arriendo,"ENTRE SALVADOR ALLENDE Y AVENIDA ANTONIO RENDIC, Hospital Regional, Antofagasta",antofagasta,730000,3,2,90,8111
Se Arrienda Departamento Amoblado,"ANTOFAGASTA, Nicolás Tirado, Antofagasta",antofagasta,670000,3,2,90,7444
Se Arrienda Departamento,"ANTOFAGASTA, Centro De Antofagasta, Antofagasta",antofagasta,600000,2,2,65,9231
Arriendo Depto. Amoblado En Antofagasta,"URIBE CON WASHINGTON, Centro De Antofagasta, Antofagasta",antofagasta,790000,1,1,50,15800
Departamento 2 Dormitorios Amoblado - Promo Hot Sale,"Salvador Reyes 1230, Antofagasta, Parque Brasil, Antofagasta",antofagasta,790000,2,2,55,14364
Se Arrienda Departamento Amoblado,"ANTOFAGASTA, Parque Juan López, Antofagasta",antofagasta,710000,1,1,60,11833
Se Arrienda Departamento,"ANTOFAGASTA, Antofagasta",antofagasta,950000,3,2,90,10556
Se Arrienda Departamento Amoblado,"ANTOFAGASTA, Centro De Antofagasta, Antofagasta",antofagasta,610000,2,1,66,9242
"Scp Arrienda Depto 3h ,3b Y 2e, Av Argentina","SCP ARRIENDA DEPTO 3H ,3B Y 2E, AV ARGENTINA, Centro De Antofagasta, Antofagasta",antofagasta,1050000,3,3,97,10825
Se Arrienda Departamento,"ANTOFAGASTA, La Chimba, Antofagasta",antofagasta,630000,3,2,90,7000
Se Arrienda Departamento,"ANTOFAGASTA, Costa Laguna, Antofagasta",antofagasta,510000,3,1,65,7846
Se Arrienda Departamento,"ANTOFAGASTA, Centro De Antofagasta, Antofagasta",antofagasta,700000,2,2,55,12727
Se Arrienda Departamento Amoblado,"ANTOFAGASTA, Parque Juan López, Antofagasta",antofagasta,690000,2,2,60,11500
Se Arrienda Departamento,"ANTOFAGASTA, Costa Laguna, Antofagasta",antofagasta,1150000,3,2,100,11500
Depto. Caparrosa I,"DEPTO. CAPARROSA I, Parque Juan López, Antofagasta",antofagasta,550000,1,1,38,14474
"Scp Arrienda Dept , 2h, 1b, 1e Sector Costa Laguna Amoblado","SCP ARRIENDA DEPT , 2H, 1B, 1E SECTOR COSTA LAGUNA AMOBLADO, Costa Laguna, Antofagasta",antofagasta,700000,2,1,57,12281
Depto. Amoblado Edificio Don Pedro,"DEPTO. AMOBLADO EDIFICIO DON PEDRO, Centro De Antofagasta, Antofagasta",antofagasta,1300000,3,2,100,13000
Antofagasta,"ANTOFAGASTA, Nicolás Tirado, Antofagasta",antofagasta,680000,2,2,75,9067
Departamento 2 Dormitorios 1 Baño En Piso 24 - En Arriendo,"Av. Edmundo Pérez Zujovic 5134, Antofagasta, Hospital Regional, Antofagasta",antofagasta,610000,2,1,43,14186
Se Vende Departamento,"ANTOFAGASTA, Nicolás Tirado, Antofagasta",antofagasta,92216186,1,1,50,1844324
Ultimo Departamento 2 Dormitorios Promo Hot Sale,"Av. Edmundo Pérez Zujovic 5134, Antofagasta, Hospital Regional, Antofagasta",antofagasta,540000,2,1,43,12558
"Arriendo 3d, 2 B Antofagasta. Llacolén. Sin Aval. Sin I.p.c","Av. Jaime Guzmán Errázuriz 5106, Antofagasta, Antofagasta",antofagasta,820000,3,2,97,8454
An189a Depto 3d2b1e1bo Línea Costera Bahía Blanca Sec. Norte,"Av Edmundo Perez Zujovic 10890, La Chimba, Antofagasta",antofagasta,870000,3,2,100,8700
Edif. Ipanema. 3d-3b Full Amoblado. Gci. Gran Departamento,"EDIF. IPANEMA. 3D-3B FULL AMOBLADO. GCI. GRAN DEPARTAMENTO, Parque Brasil, Antofagasta",antofagasta,1600000,3,3,100,16000
Depto Avda Brasil 1d/1b Sin Amoblar,"DEPTO AVDA BRASIL 1D/1B SIN AMOBLAR, Parque Brasil, Antofagasta",antofagasta,680000,1,1,50,13600
Depto Vista Al Mar 3d1b1e Parque Universitario,"Emile Sironvalle 715, Antofagasta, Antofagasta 1240000, Chile, Jardines Del Sur, Antofagasta",antofagasta,530000,3,1,50,10600
Arriendo 3d2b (disponible Arriendo Con Opción De Compra),"Av. Jaime Guzmán Errázuriz 5106, Antofagasta",antofagasta,820000,3,2,83,9880
"Edif. Copacabana, 2d-2b, Excelente Ubicación. Mas Gc.","EDIF. COPACABANA, 2D-2B, EXCELENTE UBICACIÓN, Parque Brasil, Antofagasta",antofagasta,1000000,2,2,70,14286
Amplio Dpto Con Entrega Inmediata I Sector Centro,"Adamson 3597, 1.2432e+06 - 1.2435e+06 Antofagasta, Chile, Playa Paraíso, Antofagasta",antofagasta,824060,3,2,76,10843
Edif. Porvenir. Central. Gci. 1d-1b.,"EDIF. PORVENIR. CENTRAL. GCI. 1D-1B., Playa Paraíso, Antofagasta",antofagasta,580000,1,1,45,12889
Depto Full Amoblado 2d2b1e Sector Sur Av Argentina - Vyaok,"Avenida Argentina 1340, Antofagasta, Antofagasta 1240000, Chile, Parque Brasil, Antofagasta",antofagasta,885000,2,2,53,16698
Arriendo 4d3b (disponible Arriendo Con Opción De Compra),"Av. Jaime Guzmán Errázuriz 5190, Antofagasta, Antofagasta",antofagasta,1200000,3,2,95,12632
Arriendo Depto Amoblado Av.cerro Paranal Ed. Gea Antofagasta,"Avenida Cerro Paranal, Coviefi, Antofagasta",antofagasta,630000,1,1,45,14000
Departamento En Arriendo 3d/2b/1e/1b Cerro Paranal 271,"Av. Cerro Paranal 271, Antofagasta, Coviefi, Antofagasta",antofagasta,900000,3,2,100,9000
"Arriendo Departamento Amoblado Piso 27 En Edificio Rapallo,","Cerro Paranal  380, Coviefi, Antofagasta",antofagasta,1000000,2,2,81,12346
Arriendo Departamento Edificio El Roble 3d 2b,"Oficina Pedro De Valdivia 196, Antofagasta, Parque Juan López, Antofagasta",antofagasta,850000,3,2,92,9239
"Se Arrienda Espectacular Dpto. Full Amoblado, Llacolen.","Av. Jaime Guzmán Errázuriz 4200 - 4500, Antofagasta, Antofagasta",antofagasta,1320000,2,2,90,14667
Departamento En Arriendo Costa Laguna,"Gladys Marin 625 - Costa Laguna, Antofagasta",antofagasta,1000000,3,2,112,8929
Depto Costa Laguna Con Vista Al Mar,"Gladys Marín, Antofagasta, Costa Laguna, Antofagasta",antofagasta,900000,3,2,90,10000
Hermoso Departamento Nuevo Sector Norte,"Sierra Nevada 11100 - 11400, Antofagasta, La Chimba, Antofagasta",antofagasta,650000,1,1,48,13542
Departamento 2d-2b Parque Costanera,"El Azufre 23, Antofagasta, Nicolás Tirado, Antofagasta",antofagasta,700000,2,2,63,11111
"Arriendo Departamento 3d/2b Frente Al Mar Av Croacia,antofa","Av. República De Croacia 0284, Antofagasta, Playa Blanca, Antofagasta",antofagasta,1100000,3,2,114,9649
"Departamento En Condominio Alcázar Del Mar,  Coviefi.","Trumao 900 - 1200, Antofagasta, Coviefi, Antofagasta",antofagasta,800000,3,2,94,8511
Departamento Costado Jumbo Norte,"Pedro Aguirre Cerda  SN, Trocadero, Antofagasta",antofagasta,800000,3,2,89,8989
Depto 3d/2b Con Terraza Amplia Estac Y Bod. Av Cerro Paranál,"Av Cerro Paranal 375, Coviefi, Antofagasta",antofagasta,900000,3,2,89,10112
Departamento 03 Dormitorios 01 Estacionamiento Condominio,"Oficina Lastenia 11810, Antofagasta, La Chimba, Antofagasta",antofagasta,500000,3,1,60,8333
Arriendo Depto 3d/ 2b Sector Brasil Antofagasta.,"General Velásquez  1046, Parque Brasil, Antofagasta",antofagasta,950000,3,2,94,10106
Departamento En Arriendo En Antofagasta,"Edificio Punta Diamante Torre A, Parque Brasil, Antofagasta",antofagasta,890000,3,2,80,11125
Departamento En Arriendo De 4 Dorm. En Antofagasta,"Departamento Edificio Ayres, Sector Llacolen, Cercano A Colegio A.I.S, Antofagasta",antofagasta,1080000,4,3,107,10093
Departamento En Arriendo De 3 Dorm. En Antofagasta,"Departamento Nuevo Edificio Condores, Detras Del Jumbo Norte, Antofagasta",antofagasta,750000,3,2,82,9146
Departamento En Arriendo De 2 Dorm. En Antofagasta,"Edificio Alerce, Bajo El Parque Juan López, Parque Juan López, Antofagasta",antofagasta,850000,2,2,58,14655
Se  Arrienda Departamento Amoblado Cerro Paranal,"Cerro Paranal SN, Coviefi, Antofagasta",antofagasta,1300000,3,2,100,13000
Departamento Costa Laguna 2d-2b.,"Gladys Marín, Antofagasta, Costa Laguna, Antofagasta",antofagasta,750000,2,2,50,15000
Departamento En Arriendo En Antofagasta,"Departamento Edificio Grenada, Antillas IV, Costado Colegio Chañares, Coviefi, Antofagasta",antofagasta,800000,3,2,98,8163
Departamento 3d-2b Benito Ocampo 11640,"Benito Ocampo 11640, Dpto 401 Torre 1, Antofagasta, La Chimba, Antofagasta",antofagasta,700000,2,2,50,14000
Arriendo Amoblado Ed. Las Aguilas,"Abracita 477, Antofagasta, La Chimba, Antofagasta",antofagasta,900000,2,1,48,18750
Arriendo Dpto Edificio Aires,"Av. Jaime Guzmán Errázuriz, Antofagasta, Antofagasta",antofagasta,1100000,3,2,480,2292
Depto Amoblado Frente Al Mar Sector Brasil Antofagasta,"Manuel Verbal  SN, Parque Brasil, Antofagasta",antofagasta,850000,3,2,92,9239
Depto Duplex 4d3b1e1bo Frente A Parque Juan López,"Lidia Moreno 265, Antofagasta, Región De Antofagasta 1240000, Chile, Parque Juan López, Antofagasta",antofagasta,890000,4,3,130,6846
"Amplio Departamento, Vista Al Mar, Sector Sur.","Valle Del Mar 3600 - 3900, Antofagasta, Jardines Del Sur, Antofagasta",antofagasta,1000000,3,3,120,8333
Arriendo Amoblado Sector Centro Antofagasta,"Copiapo 1064, Parque Brasil, Antofagasta",antofagasta,650000,1,1,37,17568
Arriendo Exclusivo Departamento Amoblado Travesía De Coloso,"Travesia De Coloso, Jardines Del Sur, Antofagasta",antofagasta,1220000,3,2,94,12979
Departamento 02 Dormitorios 02 Baños. Jardines Del Sur.,"Subida Del Desierto 310, Antofagasta, Jardines Del Sur, Antofagasta",antofagasta,700000,2,2,92,7609
Departamento En Arriendo De 3 Dorm. En Antofagasta,"Departamento Nuevo, Edificio Gran Marino, En Plena Avenida Argentina Esquina Antonino Toro, Parque Brasil, Antofagasta",antofagasta,800000,3,2,75,10667
Se Arrienda Departamento En  Sector Residencial,"Antilhue 1675, Antofagasta, Coviefi, Antofagasta",antofagasta,780000,2,2,53,14717
Departamento En Arriendo De 4 Dorm. En Antofagasta,"Departamento Edificio Ayres, Sector Llacolen, Cercano A Colegio A.I.S, Antofagasta",antofagasta,1400000,4,3,107,13084
Arriendo Bello Amoblado 3d-2b Edificio Aurora,"Av. Cerro Paranal 360, Antofagasta, Coviefi, Antofagasta",antofagasta,1300000,3,2,100,13000
"Depto Amoblado En Arriendo En Barrio Brisas, Costa Laguna","Gladys Marín 625, Antofagasta, Chile, Costa Laguna, Antofagasta",antofagasta,850000,3,2,80,10625
¡vive Donde Siempre Soñaste! Depto  En Arriendo  Zona Sur,"Av. Cerro Paranal 210, Antofagasta, Coviefi, Antofagasta",antofagasta,700000,2,2,100,7000
Departamento En Arriendo En Antofagasta,"Departamento Amoblado Edificio Maipu En Pleno Centro De La Ciudad, Centro De Antofagasta, Antofagasta",antofagasta,730000,2,2,65,11231
Departamento En Arriendo De 3 Dorm. En Antofagasta,"Departamento Edificio Salitrera Britania, Sector Parque Universitario, Jardines Del Sur, Antofagasta",antofagasta,530000,3,1,55,9636
Departamento En Arriendo En Antofagasta,"Departamento Amoblado, Edificio Guadalupe, Las Antillas IV, Costado Colegio Chañares, Coviefi, Antofagasta",antofagasta,950000,2,2,70,13571
Departamento Con Dos Dormitorios. Centarl Barrio Estacion.,"Eleuterio Ramírez 390, Antofagasta, Playa Paraíso, Antofagasta",antofagasta,460000,2,1,50,9200
Departamento En Arriendo De 1 Dorm. En Antofagasta,"Edificio Los Pimientos, Sector Coviefi, Antofagasta, Coviefi, Antofagasta",antofagasta,550000,1,1,40,13750
Departamento En Arriendo En Antofagasta,"Edificio Puyehue, En Cerro Paranal, Coviefi, Antofagasta",antofagasta,750000,2,2,70,10714
"Arriendo Depto  Nuevo 4 D 3 B Gran Pacífico, Antofagasta.","Av. Jaime Guzmán Errázuriz 5190, Antofagasta, Antofagasta",antofagasta,1200000,4,3,11,109091
Departamento En Arriendo De 1 Dorm. En Antofagasta,"Departamento Amoblado Edificio El Roble, Sector Norte, A Pasos Del Colegio San Patricio, Parque Juan López, Antofagasta",antofagasta,680000,1,1,35,19429
Se Arrienda Departamento Amoblado En Edificio Maipú,"Av. Balmaceda 2415, Antofagasta, Centro De Antofagasta, Antofagasta",antofagasta,1400000,2,2,76,18421
Departamento En Arriendo De 2 Dorm. En Antofagasta,"Departamento Full Amoblado Edificio Puerto Nuevo, Costado Mall Plaza Antofagasta, Centro De Antofagasta, Antofagasta",antofagasta,1200000,2,2,65,18462
Acogedor Dpto. Amoblado 3d En Avda. Cerro Paranal S. Sur!,"Av. Cerro Paranal, Antofagasta, Coviefi, Antofagasta",antofagasta,1200000,3,2,90,13333
Departamento En Arriendo De 2 Dorm. En Antofagasta,"Departamento En Edificio San Martin, Frente Al AIEP, Centro De La Ciudad, Centro De Antofagasta, Antofagasta",antofagasta,700000,2,2,50,14000
Arriendo Departamento 3 Dormitorios 1 Baño 1 Estacionamiento,"Oficina Lastenia, Antofagasta, La Chimba, Antofagasta",antofagasta,550000,3,1,58,9483
Departamento En Arriendo De 2 Dorm. En Antofagasta,"Edificio Travesía De La Playa, Costado Del Hotel Geotel, Jardines Del Sur, Jardines Del Sur, Antofagasta",antofagasta,750000,2,2,70,10714
Arriendo Amoblado Dpto De 3d 2b- Sector Parque Brasil- Costa,"Manuel Verbal 1632, Antofagasta, Chile, Parque Brasil, Antofagasta",antofagasta,900000,3,2,76,11842
"Espectacular Dpto., Full Amoblado Parque Ingles.","C. Salar Grande 121, Antofagasta, Playa Blanca, Antofagasta",antofagasta,650000,1,1,40,16250
Departamento Amoblado En Arriendo De 2 Dorm. En Antofagasta,"Edificio Bahamas - Cerro Paranal A Pasos Del Colegio Chañares, Antofagasta",antofagasta,1100000,2,2,75,14667
Puerto Nuevo Antofagasta Dpto. 1 Dormitorio,"Av. Balmaceda 2455, Antofagasta, Centro De Antofagasta, Antofagasta",antofagasta,627855,1,1,44,14269
"Av. Argentina, Cercano Supermercado, Sector Sur.","Avenida Argentina 2100 - 2400, Antofagasta, Chile, Coviefi, Antofagasta",antofagasta,680000,3,2,95,7158
Departamento En Arriendo En Antofagasta,"Departamento Edificio Capricornio, Parque Brasil, Antofagasta",antofagasta,780000,2,2,70,11143
Departamento En Arriendo En Antofagasta,"Amoblado Las Lozas, Parque Juan Lopez, Parque Juan López, Antofagasta",antofagasta,700000,3,2,76,9211
Departamento En Arriendo En Antofagasta,"Edificio Martinica, A Pasos De La Costanera Y Nuevo Mall Parque Angamos, Antofagasta",antofagasta,790000,3,2,88,8977
Arriendo  Sector Centro -dpto 1 D.1 B.1 E- Puerto Nuevo,"Av. Balmaceda 2415, Antofagasta, Centro De Antofagasta, Antofagasta",antofagasta,700000,1,1,35,20000
"Arriendo Depto E. Perez Zujovic, Ed Galileo, Antofagasta","Avenida Edmundo Perez Zujovic, Hospital Regional, Antofagasta",antofagasta,650000,3,2,80,8125
Arriendo Cómodo Depto 2d/2b/estac/bod Excelente Ubicación,"Oviedo Cavada  4455, Playa Paraíso, Antofagasta",antofagasta,615000,2,2,63,9762
Se Arrienda Departamento Amoblado En Av Argentina,"Av. Argentina 1200 - 1500, Antofagasta, Parque Brasil, Antofagasta",antofagasta,950000,2,2,75,12667
Acogedor Dpto. Amoblado 3d En Avda. Cerro Paranal S. Sur!,Antofagasta,antofagasta,1200000,3,2,90,13333
Departamento En Arriendo De 2 Dorm. En Antofagasta,"Edificio Triología Sur, Sector Llacolen, Antofagasta",antofagasta,900000,2,2,80,11250
¡tu Próximo Hogar Te Espera En La Mejor Zona De La Ciudad!,"Tr.ª De Los Vientos 02951, Antofagasta, Jardines Del Sur, Antofagasta",antofagasta,585000,2,1,43,13605
Arriendo Departamento Para Empresas En Av Cerro Paranal,"Av. Cerro Paranal 270, Antofagasta, Coviefi, Antofagasta",antofagasta,1500000,3,2,76,19737
Departamento 2d-2b Amoblado Hermoso En Edificio Puerto Nuevo,"Av. Balmaceda 2455, Antofagasta, Centro De Antofagasta, Antofagasta",antofagasta,1294951,2,2,67,19328
"Arriendo Departamento Uribe, Edificio Icono, Antofagasta","Uribe, Centro De Antofagasta, Antofagasta",antofagasta,500000,1,1,40,12500
Acogedor Depto. Amoblado 3d En Torres Costa Laguna,"Gladys Marín, Antofagasta, Costa Laguna, Antofagasta",antofagasta,1200000,3,2,90,13333
Departamento En Arriendo De 2 Dorm. En Antofagasta,"Edificio Ancora, Cascadas Del Sur, A Pasos Del Jumbo Y Colegio Chañares, Coviefi, Antofagasta",antofagasta,750000,2,2,70,10714
"Arriendo Departamento 2 Dormitorios, 2 Baños,sector Coviefi","Antilhue 1675, Antofagasta, Coviefi, Antofagasta",antofagasta,760000,2,2,55,13818
Departamento En Arriendo De 1 Dorm. En Antofagasta,"Oficina Lastenia, La Chimba, Antofagasta",antofagasta,460000,1,1,40,11500
Hermoso Depto. Exclusiva Vista Al Mar En Valle Del Mar,"Valle Del Mar, Jardines Del Sur, Antofagasta",antofagasta,850000,2,2,85,10000
Departamento En Arriendo De 3 Dorm. En Antofagasta,"Departamento Edificio Travesía De La Playa, Jardines Del Sur, Jardines Del Sur, Antofagasta",antofagasta,1180000,3,2,90,13111
Departamento En Arriendo En Antofagasta,"Departamento Edificio Icono, Full Amoblado, Centro De Antofagasta, Antofagasta",antofagasta,690000,1,1,45,15333
Departamento Amoblado Y Completamente Equipado.,"Av. Jaime Guzmán Errázuriz, Antofagasta, Antofagasta",antofagasta,1250000,4,2,145,8621
Departamento En Arriendo De 1 Dorm. En Antofagasta,"Departamento Amoblado,Edificio Rimini, Frente Al Colegio Chañares, Coviefi, Antofagasta",antofagasta,720000,1,1,36,20000
Departamento Estudio Semi Amoblado Antofagasta Puerto Nuevo,"Av. Balmaceda 2455, Antofagasta, Centro De Antofagasta, Antofagasta",antofagasta,549373,1,1,30,18312
Excelente Departamento Arriendo Sector Centro Vista Al Mar,"Av. Séptimo De Línea 3480, Antofagasta, Playa Paraíso, Antofagasta",antofagasta,650000,2,2,85,7647
Departamento Semi Amoblado Cerro Paranal,"Av. Cerro Paranal 375, Antofagasta, Coviefi, Antofagasta",antofagasta,1200000,2,2,80,15000
"Bello Depto Sur, Arriendo Frente Paseo Del Mar Antofagasta","Av. Jaime Guzmán Errázuriz, Antofagasta, Antofagasta",antofagasta,580000,1,1,40,14500
Departamento Sector Sur Cero Paranal 3 Dor.,"Av. Cerro Paranal 300 - 600, Antofagasta, Coviefi, Antofagasta",antofagasta,950000,3,2,94,10106
Dueño Arrienda Hermoso Depto Vista Al Mar Costa Laguna 2d 2b,"Gladys Marín 625, Antofagasta, Chile, Costa Laguna, Antofagasta",antofagasta,760000,2,2,53,14340
Excelente Departamento Arriendo Avenida Brasil Antofagasta,"Av. Gral. Bernardo O'Higgins 1215, Antofagasta, Parque Brasil, Antofagasta",antofagasta,630000,1,1,50,12600
Departamento Amoblado Sector Norte 2 Dor.,"Pirita 10200 - 10500, Antofagasta, Parque Juan López, Antofagasta",antofagasta,560000,2,1,49,11429
Hermoso Iluminado Y Cómodo Dpto Frente A  Playa Llacolen .,"Av Jaime Guzmán Errazuriz  04300, Jardines Del Sur, Antofagasta",antofagasta,960000,2,2,75,12800
Departamento Sector Parque Brasil 2 Dor.,"Salvador Reyes 940, Antofagasta, Parque Brasil, Antofagasta",antofagasta,900000,2,2,66,13636
Departamento 2 Dormitorio Centrico,"Teniente Manuel Orella 643, Antofagasta, Centro De Antofagasta, Antofagasta",antofagasta,750000,2,2,50,15000
Departamento Amoblado Ideal Ejecutivo Rimini,"Av. Cerro Paranal 380, Antofagasta, Coviefi, Antofagasta",antofagasta,770000,1,1,35,22000
Departamento En Arriendo De 1 Dorm. En Antofagasta,"Parque Croata, Playa Blanca, Antofagasta",antofagasta,700000,1,1,65,10769
Se Arrienda Apartamento Amoblado En Edificio Balmaceda,"Av. Balmaceda 2455, Antofagasta, Centro De Antofagasta, Antofagasta",antofagasta,750000,1,1,45,16667
Hermoso Departamento Un Dormitorio Amoblado,"Oficina Pedro De Valdivia 196, Antofagasta, Parque Juan López, Antofagasta",antofagasta,680000,1,1,35,19429
Departamento Mariposa Sin Muebles Excelente Ubicación,"Av. Argentina 1665, Antofagasta, Parque Brasil, Antofagasta",antofagasta,730000,2,2,60,12167
Departamento Sector Sur 3 Dor.,"C. Llullaillaco 02451, Antofagasta, Jardines Del Sur, Antofagasta",antofagasta,550000,3,1,49,11224
Departamento A Estrenar Sector Centro,"C. Caracoles 3300 - 3600, Antofagasta, Playa Paraíso, Antofagasta",antofagasta,390000,1,1,22,17727
"Amplio Y Cómodo Departamento, Con Vista Al Mar.","Av. Cardenal Carlos Oviedo Cavada 4455, Antofagasta, Playa Paraíso, Antofagasta",antofagasta,800000,3,2,80,10000
Departamento Tipo Estudio Excelente Ubicación,"Av. Argentina 1665, Antofagasta, Parque Brasil, Antofagasta",antofagasta,450000,1,1,30,15000
Departamento Ideal Para Ejecutivo - Amoblado,"Salvador Reyes 940, Antofagasta, Parque Brasil, Antofagasta",antofagasta,750000,1,1,30,25000
Se Arrienda Amplio Departamento Centrico,"Buenos Aires, Antofagasta, Playa Paraíso, Antofagasta",antofagasta,570000,3,1,70,8143
Se Arrienda Departamento Amoblado,"Ascotan Norte  131, La Chimba, Antofagasta",antofagasta,560000,2,1,48,11667
Departamento En Arriendo En Antofagasta,"Departamento Edificio Plaza Tokio, A Pasos Del Balneario, Estadio Calvo Y Bascuñán, Antofagasta",antofagasta,500000,1,1,27,18519
"Se Arrienda Departamento En Barrio Universitario, Sector Sur","Antofagasta, Jardines Del Sur",antofagasta,565000,3,1,60,9417
Departamento Estudio Semi Amoblado Antofagasta Puerto Nuevo,"Av. Balmaceda 2455, Antofagasta, Centro De Antofagasta, Antofagasta",antofagasta,431650,1,1,23,18767
Departamento Para Ejecutivo O Pareja Sin Hijos,"Salvador Reyes 940, Antofagasta, Parque Brasil, Antofagasta",antofagasta,550000,1,1,30,18333
Arrienda Dpto. Central 2 Dorm 1 Baño Semi Amoblado,"Uribe  305, Centro De Antofagasta, Antofagasta",antofagasta,700000,2,1,45,15556
Excelente Departamento Central,"Av. Argentina 351, Antofagasta, Estadio Calvo Y Bascuñán, Antofagasta",antofagasta,390000,1,1,55,7091
Departamento En Arriendo En Antofagasta,"Departamento Edificio Club De Yates, Centro De Antofagasta, Antofagasta",antofagasta,680000,2,2,65,10462
"Departamento Nuevo, 3d/1b Sector Jumbo Norte","Calle Nueva 4 419, Antofagasta, Trocadero, Antofagasta",antofagasta,790000,3,1,58,13621
Arriendo - Cerro Paranal,"Av. Cerro Paranal, Antofagasta, Coviefi, Antofagasta",antofagasta,1000000,2,2,400,2500
Edificio Aires - Arriendo,"Av. Jaime Guzmán Errázuriz, Antofagasta, Antofagasta",antofagasta,1100000,3,2,400,2750
Amplio Departamento Parque Ingles 3d/2b,"Leonardo Guzmán, Antofagasta, Playa Blanca, Antofagasta",antofagasta,1100000,3,2,95,11579
Departamento Amoblado 1d/1b Sector Costanera Sur,"Manuel Verbal 1258, Antofagasta, Parque Brasil, Antofagasta",antofagasta,650000,1,1,45,14444
"Departamento 2d/2b Cerro Paranal, Ed. Puyehue","Av. Cerro Paranal 270, Antofagasta, Coviefi, Antofagasta",antofagasta,830000,2,2,75,11067
Estupendo Y Acogedor Departamento Amoblado Avda. Brasil,"Salvador Reyes 940, Antofagasta, Parque Brasil, Antofagasta",antofagasta,745578,1,1,40,18639
"Arriendo Departamento Estilo Mariposa, En Faro Norte.","Ascotán Nte. 151, Antofagasta, La Chimba, Antofagasta",antofagasta,700000,2,2,60,11667
"Arriendo Departamento, En Edificio Faro Norte","Ascotán Nte. 151, Antofagasta, La Chimba, Antofagasta",antofagasta,700000,2,2,60,11667
Arriendo Departamento Amoblado Edificio Futuro,"Centro De Antofagasta, Antofagasta",antofagasta,1200000,3,3,120,10000
Hermoso Departamento 4dorm + 3baños Llacolen Vista Al Mar,"Av. Jaime Guzmán Errázuriz 4794, Antofagasta, Antofagasta",antofagasta,1000000,4,3,120,8333
Depto Amoblado Coviefi 2d2b,"Antilhue  1675, Coviefi, Antofagasta",antofagasta,750000,2,2,60,12500
Depto 2d 2d 1es Sector Norte Calle El Azufre,"El Azufre  23, Nicolás Tirado, Antofagasta",antofagasta,600000,2,2,70,8571
Depto Full Equipado Centro Antofagasta 2d 2b 1e,"Cap. Carlos Condell 3177, Antofagasta, Centro De Antofagasta, Antofagasta",antofagasta,800000,2,2,65,12308
Id 45369 Av. Argentina #2272,"Av. Argentina 2272, Antofagasta, Centro De Antofagasta, Antofagasta",antofagasta,1050000,3,3,140,7500
"Id 44348 Radoslav Razmilic #1385, Edificio Lapislázuli","Radoslav Razmilic 1385, Antofagasta, Playa Blanca, Antofagasta",antofagasta,1500000,4,2,140,10714
Id 44438 Sierra Nevada #10464,"Sierra Nevada 10464, Antofagasta, Parque Juan López, Antofagasta",antofagasta,680000,3,2,91,7473
"Departamento Nuevo 2 Hab, 2 Baños Con Est. Y Bodega","Avenida Rica Aventura 10701, Parque Juan López, Antofagasta",antofagasta,800000,2,2,59,13559
Arriendo Departamento Sur Antofagasta (trato Directo),"Jaime Guzman Errazuriz - Av. Jaime Guzmán Errázuriz 4100, Antofagasta, Jardines Del Sur, Antofagasta",antofagasta,990000,3,2,104,9519
Departamento Cerca Del Centro Buena Vista,"Av. Argentina 1340, Antofagasta, Parque Brasil, Antofagasta",antofagasta,800000,3,2,75,10667
Dueño Arrienda Departamento Almagro 01 Dormitorio S/amoblar,"Av. Argentina 1665, Antofagasta, Parque Brasil, Antofagasta",antofagasta,620000,1,1,34,18235
"Depto Frente Al Mar, Condominio Las Antillas","Alcalde German Miric Vega 216, Antofagasta, Coviefi, Antofagasta",antofagasta,1100000,3,2,130,8462
Se Arrienda Depto 1d/1b En Edificio Don Salvador,"Salvador Reyes 1230, Parque Brasil, Antofagasta",antofagasta,680000,1,1,40,17000
"Departamento Remodelado, Amplio Y Tranquilo.","Hermógenes Alfaro 1360, 1270152 Antofagasta, Chile, Parque Brasil, Antofagasta",antofagasta,650000,3,2,78,8333
Oportunidad! Depto Parque Brasil 3d/3b Edificio Inmigrantes,"José Miguel Carrera 1663, Antofagasta, Chile, Parque Brasil, Antofagasta",antofagasta,1000000,3,3,92,10870
Departamento En Arriendo Condominio Jardin Del Pacifico,"Av. Angamos 1100, Antofagasta, Estadio Calvo Y Bascuñán, Antofagasta",antofagasta,1100000,3,2,100,11000
Departamento 3d 2b Condominio Costa Laguna,"Gladys Marín 625, Antofagasta, Costa Laguna, Antofagasta",antofagasta,650000,3,2,100,6500
Departamento 3 Habitaciones Bodega Estacionamiento,"Nicolás Tirado  90, Nicolás Tirado, Antofagasta",antofagasta,900000,3,2,90,10000
Arriendo Departamento 2d/2b/1bod/1e Centro Antofagasta,"Maipu 936, Centro De Antofagasta, Antofagasta",antofagasta,680000,2,2,58,11724
Arriendo Departamento En Condominio Leonora Latorre.,"Nicolás Tirado 1 - 300, Antofagasta, Nicolás Tirado, Antofagasta",antofagasta,520000,2,1,40,13000
Arriendo Hermoso Departamento Avda Brasil Antofagasta,"Avenida Libertador B. O'Higgins 1244, Parque Brasil, Antofagasta",antofagasta,1000000,3,3,100,10000
Arriendo Hermoso Departamento 3d3b Antofagasta,"Av. Argentina, Antofagasta, Estadio Calvo Y Bascuñán, Antofagasta",antofagasta,1050000,3,3,145,7241
Departamento 2d Y 2b Calama,"Circunvalación  SN, Hospital Regional, Antofagasta",antofagasta,780000,2,2,62,12581
Arriendo Departamento Sector Norte,"Ascotán Nte. 1 - 300, Antofagasta, La Chimba, Antofagasta",antofagasta,600000,2,1,43,13953
Departamento Nuevo,"Ascotán Nte., Antofagasta, La Chimba, Antofagasta",antofagasta,590000,2,2,49,12041
Departamento En Arriendo,"Antilhue 0830, Coviefi, Antofagasta",antofagasta,900000,3,2,67,13433
Hermoso Departamento 1d1b Gastos Comunes Incluidos,"El Oro 8100 - 8400, Antofagasta, Nicolás Tirado, Antofagasta",antofagasta,500000,1,1,37,13514
Departamento 1 D1b Sector Sur Mall Angamos Antofagasta,"Avenida Cerro Paranal 515, Coviefi, Antofagasta",antofagasta,630000,1,1,40,15750
"Departamento Amoblado, Edificio Icono.","Uribe 305, Antofagasta, Centro De Antofagasta, Antofagasta",antofagasta,750000,2,1,48,15625
"Hermoso,cómodo, Funcional Pequeño Loft.amoblado En Avenida A","Avenida Antonio Rendic  5625, Hospital Regional, Antofagasta",antofagasta,500000,1,1,20,25000
Hermoso Depto. Amoblado Costa Laguna,"Avenida Gladys Marin 0625, Costa Laguna, Antofagasta",antofagasta,980000,3,2,98,10000
"Dpto. 403 Ed. Punta De Rieles, Condominio Parque Juan López","Lidia Moreno 265, Antofagasta, Parque Juan López, Antofagasta",antofagasta,580000,2,1,50,11600
Arriendo Dpto Frente Al Mar,"Av. Edmundo Pérez Zujovic 5134, Antofagasta, Hospital Regional, Antofagasta",antofagasta,550000,2,1,7,78571
Arriendo Excelente Dpto Av Brasil 1h1b Con Terraza,"Aconcagua 923, Antofagasta, Parque Brasil, Antofagasta",antofagasta,620000,1,1,54,11481
Se Vende Departamento Amoblado En Antofagasta (costa Laguna),"Gladys Marín 625, Antofagasta, Chile, Costa Laguna, Antofagasta",antofagasta,204052836,3,2,90,2267254
Se Arrienda Acogedor Departamento Céntrico,"Sur De Calama, Calama, Antofagasta",calama,630000,2,1,52,12115
"Departamento Tipo Mariposa, Amoblado.","Centro De Calama, Calama, Antofagasta",calama,935000,2,2,54,17315
Arriendo Depto. Estilo Mariposa / Empresas,"Estadio Zorros Del Desierto, Calama, Antofagasta",calama,1300000,2,2,60,21667
"Departamento Tipo Mariposa, Amoblado Para Empresa.","Centro De Calama, Calama, Antofagasta",calama,1300000,2,2,60,21667
Departamento Centrico,"Centro De Calama, Calama, Antofagasta",calama,700000,2,1,50,14000
"Departamento Tipo Mariposa, Amoblado, Para Empresa.","Centro De Calama, Calama, Antofagasta",calama,1300000,2,2,54,24074
Arriendo Dpto. Estilo Mariposa - Empresa,"Estadio Zorros Del Desierto, Calama, Antofagasta",calama,1300000,2,2,60,21667
Arriendo 987005522,"Balmaceda  1414, Antofagasta, Calama 987005522, Estadio Zorros Del Desierto, Calama, Antofagasta",calama,930000,2,2,5,186000
Departamento Amoblado Cond. Oasis Del Loa 3d/2b/1e,"Condominio Oasis Del Loa, Sur De Calama, Calama, Antofagasta",calama,820000,3,2,72,11389
Departamento Amoblado Ed. Turi 3d/2b/1e,"Edificio Turi, Sur De Calama, Calama, Antofagasta",calama,790000,3,2,74,10676
"Departamento En Arriendo 1d/1b/1e, Ed. Espacio Parque","Edificio Espacio Parque, Centro De Calama, Calama, Antofagasta",calama,550000,1,1,39,14103
Arriendo Departamento Amoblado,"Centro De Calama, Calama, Antofagasta",calama,700000,2,2,54,12963
Edificio Av. Circunvalación (1 Est. 1 Bod.) Vista Oriente,"Av. Circunvalación 1458, Calama, Antofagasta",calama,670000,3,2,77,8701
Departamento De Dos Habitaciones (99253),"DEPARTAMENTO EN ARRIENDO, Avenida Almirante Grau, Calama, Antofagasta",calama,800000,2,2,140,5714
Arriendo De Departamento (83216),"Calama, Chile, Centro De Calama, Calama, Antofagasta",calama,780000,2,2,60,13000
Departamento Amoblado Para Empresas (98358),"Bartolomé Vivar 1 - 300, Centro De Calama, Calama, Antofagasta",calama,700000,2,2,52,13462
Elegante Departamento 2 Habitaciones   (69095),"Edificio Eduardo Abaroa - Avenida Balmaceda, Calama, II Región, Chile, Estadio Zorros Del Desierto, Calama, Antofagasta",calama,800000,2,2,70,11429
2 Habitaciones Sin Amoblar  (64553),"DEPARTAMENTO 1 - 300DORMITORIOS Y DOS BAÑOS, Estadio Zorros Del Desierto, Calama, Antofagasta",calama,650000,2,2,60,10833
Departamento Estilo Mariposa (69897),"Calama, Chile, Centro De Calama, Calama, Antofagasta",calama,780000,2,2,60,13000
Arriendo De Departamento (68387),"Calama, Chile, Centro De Calama, Calama, Antofagasta",calama,650000,2,2,60,10833
1 Dormitorio  (75711),"Departamento Imagina - Avenida Balmaceda, Calama, Chile, Sur De Calama, Calama, Antofagasta",calama,600000,1,1,60,10000
Arriendo Departamento (101109),"Avenida Balmaceda 1 - 300, Calama, Antofagasta",calama,750000,2,2,50,15000
Arriendo De Departamento  (87119),"Calama, Chile, Centro De Calama, Calama, Antofagasta",calama,860000,2,2,60,14333
Arriendo Depto. Cond. Valle Altiplánico Calam (100536),"Avenida Circunvalación Presidente Salvador Allende 1 - 300, Avenida Almirante Grau, Calama, Antofagasta",calama,780000,2,2,70,11143
Arriendo De Departamento  (87741),"Calama, Chile, Centro De Calama, Calama, Antofagasta",calama,650000,2,1,60,10833
Departamento Amoblado En Arriendo (103079),"Calama, Chile, Calama, Antofagasta",calama,870000,2,2,60,14500
Arriendo De Departamento (83229),"Calama, Chile, Calama, Antofagasta",calama,800000,2,3,60,13333
Departamento En Arriendo 2 Habitaciones (101909),"Bartolomé Vivar 1 - 300, Centro De Calama, Calama, Antofagasta",calama,900000,2,2,60,15000
Departamento Central  (69863),"Emilio Sotomayor, Calama, Chile, Calama Poniente, Calama, Antofagasta",calama,450000,1,1,1,450000
Arriendo Habitación Amoblada Cerca Del Mall (103061),"Tiltil 1200 - 1500, Avenida Almirante Grau, Calama, Antofagasta",calama,300000,1,1,20,15000
Arriendo De Departamento (68385),"Calama, Chile, Centro De Calama, Calama, Antofagasta",calama,650000,2,2,60,10833
Habitacalama Busca,"Vicuña Mackenna 3281, Calama Poniente, Calama, Antofagasta",calama,999999,2,2,60,16667
"Edificio Andes, Arrienda Dpto Amoblado. 3d. 2b.","CALAMA, Centro De Calama, Calama, Antofagasta",calama,780000,3,2,60,13000
Se Arrienda Hermoso Y Amplio Departamento Sin Amoblar,"SE ARRIENDA HERMOSO Y AMPLIO DEPARTAMENTO SIN AMOBLAR, Estadio Zorros Del Desierto, Calama, Antofagasta",calama,750000,3,2,95,7895
Departamento Amoblado En Arriendo Con Gasto Común Incluido,"DEPARTAMENTO AMOBLADO EN ARRIENDO CON GASTO COMÚN INCLUIDO, Sur De Calama, Calama, Antofagasta",calama,620000,1,1,67,9254
Edificio Torre Central,"EDIFICIO TORRE CENTRAL, Centro De Calama, Calama, Antofagasta",calama,830000,2,2,78,10641
Se Arrienda Depto 2h2b Sin Muebles Edificio Santiago Calama,"Santiago 2249, Calama, Sur De Calama, Calama, Antofagasta",calama,650000,2,2,67,9701
Se Arrienda Departamento 2h2b Borde Rio I Calama,"Avenida Bernardo O'Higgins 214, Calama, Sur De Calama, Calama, Antofagasta",calama,890000,2,2,70,12714
"Edificio Andes, Arrienda Dpto Amoblado. 3d. 2b.","Calama, Antofagasta",calama,780000,3,2,60,13000
Hermoso Y Gran Departamento En Calama,"Av. Cv Pdte. Salvador Allende 1458, El Loa, Calama, Avenida Almirante Grau, Calama, Antofagasta",calama,1800000,3,2,130,13846
Departamento En Arriendo De 1 Dorm. En Calama,"Estadio Municipal/Club De Campo Cobreloa, Sur De Calama, Calama, Antofagasta",calama,400000,1,1,40,10000
Arriendo Departamento Amoblado Borde Rio 2d2b,"Sur De Calama, Calama, Antofagasta",calama,850000,2,2,63,13492
Arriendo Departamento Amoblado En Condominio Borde Rio,"Calama Poniente, Calama, Antofagasta",calama,1200000,3,2,110,10909
"Departamento Full Equipado, Ejecutivo.","Bartolomé Vivar 1580, Calama, Centro De Calama, Calama, Antofagasta",calama,750000,2,2,52,14423
Departamento 2d2b1e Sector Consolidado,"Bartolomé Vivar 1455, Calama, Sur De Calama, Calama, Antofagasta",calama,680000,2,2,68,10000
Dormitorios,"Latorre  1455, Sur De Calama, Calama, Antofagasta",calama,250000,1,1,1,250000
Departamento Tipo Estudio Calama,"Balmaceda 1466, Sur De Calama, Calama, Antofagasta",calama,550000,1,1,25,22000
"Depto 2 Dormitorios Ambos Con Baño Privado ,amoblado","Balmaceda 1504 605, Centro De Calama, Calama, Antofagasta",calama,720000,2,2,50,14400
Se Arrienda Dpto Borde Rio 2 Dormitorios 2 Baños Amoblado,"Bernardo O'higgins 214, Calama Poniente, Calama, Antofagasta",calama,870000,2,2,90,9667
Departamento En Calama Para Empresas (104039),"Serena 1 - 300, Sur De Calama, Calama, Antofagasta",calama,900000,2,2,76,11842
